"Отметка времени","Кто вы ?","Ф.И.О.","Номер группы","Пол","Возраст ","Сколько раз в неделю вы посещаете продуктовый магазин?","Цель посещения продуктового магазина?","Где вы покупаете продукты питания?","Какую хлебобулочную продукцию вы покупаете?","Какую мясную продукцию вы покупаете?","Какую молочную продукцию вы покупаете?","Какие вкусности вы покупаете?","Какую бытовую химию вы покупаете? ","Какие фрукты вы покупаете?","Какую рыбу вы покупаете ","Какие напитки вы покупаете ","Какие овощи вы покупаете ","Какие товары вы покупаете, но мы их не указали?","Ф.И.О.","Пол","Возраст ","Сколько раз в неделю вы посещаете продуктовый магазин?","Цель посещения продуктового магазина?","Где вы покупаете продукты питания?","Какую хлебобулочную продукцию вы покупаете?","Какую мясную продукцию вы покупаете?","Какую молочную продукцию вы покупаете?","Какие вкусности вы покупаете?","Какую бытовую химию вы покупаете? ","Какие фрукты вы покупаете?","Какую рыбу вы покупаете ","Какие напитки вы покупаете ","Какие овощи вы покупаете ","Какие товары вы покупаете, но мы их не указали?"
"2024/02/08 11:35:11 AM GMT+3","Студент 👨‍🎓","Серков Илья Олегович","114-ИС-23","Женский","17","2 раза","За продуктами","Супермаркет(Пятерочка, Перекресток, Магнит и др.)","Булочки;Хлеб;Пирожки","Колбасы;Сосиски;Нарезку;Мясо;Котлеты;Пельмени","Творог;Молоко;Кефир;Сыр","Батончики;Печенье;Пряники;Торты;Чипсы;Сухарики","Моющие средства;Дезинфекционные средства;Освежители и ароматизаторы воздуха","Яблоки;Груши;Мандарины;Бананы","Мороженную;Соленую","Лимонады;Газировка","","Зоотовары","","","","","","","","","","","","","","","",""
"2024/02/08 11:35:12 AM GMT+3","Студент 👨‍🎓","Врэжитор Михаела Михайловна ","114-ИС-23","Женский","16","1 раз","За продуктами;За перекусом;За готовой едой","Супермаркет(Пятерочка, Перекресток, Магнит и др.);Доставка еды (Яндекс еда, OZON Fresh и др.);Сеть готового питания","Хлеб","Колбасы;Сосиски;Нарезку;Мясо;Пельмени","Не покупаю","Конфеты;Торты;Чипсы","Моющие средства;Отбеливатели и средства для выведения пятен","Яблоки;Апельсины;Мандарины;Бананы","Не покупаю","Газировка;Кофе","","","","","","","","","","","","","","","","","",""
"2024/02/08 11:35:27 AM GMT+3","Студент 👨‍🎓","Гепа Егор Дмитриевич","114-ИС-23","Мужской","16","2 раза","За продуктами","Гипермаркет (Глобус, Ашан, Metro и др.);Супермаркет(Пятерочка, Перекресток, Магнит и др.)","Булочки;Хлеб;Пирожки","Колбасы;Сосиски;Мясо;Котлеты;Пельмени","Йогурты;Творог;Молоко;Кефир;Сыр","Батончики;Конфеты;Печенье;Торты;Чипсы;Сухарики","Моющие средства;Дезинфекционные средства;Освежители и ароматизаторы воздуха","Яблоки;Груши;Апельсины;Мандарины;Бананы","Копченую;Соленую","Соки;Лимонады;Газировка","","","","","","","","","","","","","","","","","",""
"2024/02/08 11:35:28 AM GMT+3","Студент 👨‍🎓","Знатнов Владислав Алексеевич ","114","Мужской","16","2 раза","За перекусом","Кафе, столовая;Супермаркет(Пятерочка, Перекресток, Магнит и др.)","Не покупаю","Колбасы;Сосиски;Мясо;Котлеты;Пельмени","Йогурты;Творог;Сыр","Батончики;Печенье","Не покупаю","Яблоки;Мандарины;Бананы","Копченую","Соки","","Все указали ","","","","","","","","","","","","","","","",""
"2024/02/08 11:35:39 AM GMT+3","Студент 👨‍🎓","Гонтаренко Валерия Николаевна","114ис-23","Женский","16","Больше","За продуктами","Супермаркет(Пятерочка, Перекресток, Магнит и др.);Доставка еды (Яндекс еда, OZON Fresh и др.)","Не покупаю","Не покупаю","Йогурты;Творог","Не покупаю","Не покупаю","Апельсины;Мандарины;Бананы","Мороженную;Не покупаю","Не  покупаю","","воду","","","","","","","","","","","","","","","",""
"2024/02/08 11:35:41 AM GMT+3","Студент 👨‍🎓","Санду Николь Денисовна ","114ИС-23","Женский","16","1 раз","За перекусом","Супермаркет(Пятерочка, Перекресток, Магнит и др.)","Булочки","Сосиски","Молоко","Печенье;Торты;Чипсы;Сухарики","Не покупаю","Апельсины;Мандарины","Не покупаю","Соки;Чай;Лимонады;Газировка","","","","","","","","","","","","","","","","","",""
"2024/02/08 11:35:42 AM GMT+3","Студент 👨‍🎓","Голубков Максим Сергеевич","114-ис","Мужской","16","2 раза","За продуктами;За перекусом","Супермаркет(Пятерочка, Перекресток, Магнит и др.)","Хлеб","Колбасы;Мясо","Йогурты;Творог;Сыр","Батончики","Моющие средства","Груши;Мандарины;Бананы","Мороженную","Не  покупаю","","Личной гигиены ","","","","","","","","","","","","","","","",""
"2024/02/08 11:35:52 AM GMT+3","Студент 👨‍🎓","Пилипенко Анастасия Петровна ","114ИС 23","Женский","16","Больше","За продуктами;За перекусом","Кафе, столовая;Гипермаркет (Глобус, Ашан, Metro и др.);Супермаркет(Пятерочка, Перекресток, Магнит и др.);Доставка еды (Яндекс еда, OZON Fresh и др.)","Булочки;Хлеб","Колбасы;Сосиски;Нарезку;Мясо;Пельмени;Чебупели","Йогурты;Творог;Молоко;Кефир;Сыр","Батончики;Конфеты;Печенье;Чипсы;Сухарики","Освежители и ароматизаторы воздуха;Отбеливатели и средства для выведения пятен","Яблоки;Мандарины;Бананы","Соленую","Соки;Чай;Лимонады;Газировка;Кофе","","","","","","","","","","","","","","","","","",""
"2024/02/08 11:36:08 AM GMT+3","Студент 👨‍🎓","Павловских Михаил Леонидович","114","Мужской","17","1 раз","За продуктами;За перекусом;За готовой едой","Кафе, столовая;Гипермаркет (Глобус, Ашан, Metro и др.);Супермаркет(Пятерочка, Перекресток, Магнит и др.)","Булочки","Колбасы;Сосиски;Нарезку;Мясо;Котлеты;Пельмени;Чебупели","Молоко;Сыр","Батончики;Печенье;Пряники;Торты;Чипсы","Дезинфекционные средства;Освежители и ароматизаторы воздуха;Отбеливатели и средства для выведения пятен","Груши;Апельсины;Не покупаю","Копченую;Соленую","Чай;Лимонады;Кофе","","","","","","","","","","","","","","","","","",""
"2024/02/08 11:36:12 AM GMT+3","Студент 👨‍🎓","Адылов Тимур Музафарович","114ИС-23","Мужской","16","Больше","За продуктами;За перекусом","Гипермаркет (Глобус, Ашан, Metro и др.);Супермаркет(Пятерочка, Перекресток, Магнит и др.)","Булочки;Хлеб","Сосиски;Нарезку;Мясо;Котлеты;Пельмени","Йогурты;Творог;Молоко","Чипсы;Сухарики","Моющие средства;Дезинфекционные средства","Яблоки;Мандарины;Бананы","Мороженную","Чай;Кофе","","","","","","","","","","","","","","","","","",""
"2024/02/08 11:36:42 AM GMT+3","Студент 👨‍🎓","Шарипов Алиджон Диловарович ","114-ИС","Мужской","16","1 раз","За продуктами","Супермаркет(Пятерочка, Перекресток, Магнит и др.)","Хлеб","Пельмени","Творог;Молоко;Сыр","Батончики;Конфеты;Печенье;Пряники;Торты","Не покупаю","Яблоки;Бананы","Не покупаю","Соки;Чай;Лимонады;Кофе","","","","","","","","","","","","","","","","","",""
"2024/02/08 11:36:48 AM GMT+3","Преподаватель или Администратор 🧑‍🏫","","","","","","","","","","","","","","","","","","Клскорнева лс","Женский","55","Больше","За продуктами;За перекусом","Гипермаркет (Глобус, Ашан, Metro и др.);Супермаркет(Пятерочка, Перекресток, Магнит и др.)","Хлеб","Колбасы;Сосиски;Мясо;Пельмени","Творог;Молоко;Сыр;Сметана","Конфеты;Печенье;Торты","Моющие средства;Освежители и ароматизаторы воздуха","Яблоки;Груши;Апельсины;Мандарины;Бананы","Мороженную","Чай;Кофе","","Киндерсюрприз, "
"2024/02/08 11:36:48 AM GMT+3","Студент 👨‍🎓","Ахмадзода Абдуллои Фахриддин ","114ИС-23 ","Мужской","16","Больше","За продуктами","Супермаркет(Пятерочка, Перекресток, Магнит и др.)","Хлеб","Мясо","Йогурты;Творог;Молоко;Сыр","Батончики;Конфеты;Торты;Чипсы;Сухарики","Моющие средства","Яблоки;Груши;Апельсины;Мандарины;Бананы","Не покупаю","Соки;Газировка","","","","","","","","","","","","","","","","","",""
"2024/02/08 11:37:07 AM GMT+3","Студент 👨‍🎓","Гафуров Нурсултон Вомикович ","114-ИС-23","Мужской","16","Больше","За продуктами","Гипермаркет (Глобус, Ашан, Metro и др.);Супермаркет(Пятерочка, Перекресток, Магнит и др.);Доставка еды (Яндекс еда, OZON Fresh и др.)","Булочки;Хлеб","Не покупаю","Творог;Молоко;Кефир;Сыр","Батончики;Конфеты;Печенье;Пряники;Торты;Чипсы;Сухарики","Не покупаю","Яблоки;Груши;Апельсины;Мандарины;Бананы","Не покупаю","Соки;Чай;Компот;Лимонады;Газировка;Кофе","","","","","","","","","","","","","","","","","",""
"2024/02/08 11:37:13 AM GMT+3","Студент 👨‍🎓","Рылкова Раиса Александровна ","114-ис-23","Женский","16","Больше","За перекусом","Гипермаркет (Глобус, Ашан, Metro и др.);Супермаркет(Пятерочка, Перекресток, Магнит и др.)","Булочки;Хлеб","Колбасы;Сосиски;Нарезку;Мясо;Чебупели","Йогурты;Молоко;Сыр","Батончики;Конфеты;Печенье;Торты;Чипсы;Сухарики","Отбеливатели и средства для выведения пятен","Яблоки;Мандарины","Мороженную;Соленую","Газировка;Кофе","","","","","","","","","","","","","","","","","",""
"2024/02/08 11:37:21 AM GMT+3","Студент 👨‍🎓","Алиев Али Фазильевич ","114 ИС 23","Мужской","16","Больше","За перекусом","Гипермаркет (Глобус, Ашан, Metro и др.);Супермаркет(Пятерочка, Перекресток, Магнит и др.)","Хлеб","Мясо","Йогурты;Молоко","Батончики;Торты;Чипсы","Не покупаю","Яблоки;Бананы","Соленую","Соки;Газировка;Кофе","","Креатин ","","","","","","","","","","","","","","","",""
"2024/02/08 11:37:44 AM GMT+3","Студент 👨‍🎓","Миронов Максим Андреевич","114ИС-23","Мужской","16","Больше","За перекусом","Супермаркет(Пятерочка, Перекресток, Магнит и др.);Доставка еды (Яндекс еда, OZON Fresh и др.)","Булочки;Хлеб","Колбасы;Нарезку;Пельмени","Йогурты;Молоко;Сыр","Батончики;Чипсы;Сухарики","Не покупаю","Яблоки;Мандарины;Бананы","Не покупаю","Соки;Газировка;Кофе","","энергетики","","","","","","","","","","","","","","","",""
"2024/02/08 11:39:41 AM GMT+3","Студент 👨‍🎓","Цветкова Алина Александровна ","202Т-22","Женский","17","Больше","За продуктами;За перекусом;За готовой едой","Кафе, столовая;Доставка еды (Яндекс еда, OZON Fresh и др.);Сеть готового питания","Булочки","Не покупаю","Йогурты;Сыр","Батончики;Конфеты;Печенье;Пряники;Торты;Чипсы;Сухарики","Не покупаю","Яблоки;Груши;Апельсины;Мандарины;Бананы","Не покупаю","Соки;Чай;Компот;Лимонады;Газировка;Кофе","","","","","","","","","","","","","","","","","",""
"2024/02/08 11:40:19 AM GMT+3","Студент 👨‍🎓","Саидов Мухаммаджон","114Ис","Мужской","18","2 раза","За продуктами","Супермаркет(Пятерочка, Перекресток, Магнит и др.)","Хлеб","Мясо","Йогурты;Творог;Молоко;Кефир;Сыр","Батончики;Конфеты;Печенье;Пряники;Торты;Чипсы;Сухарики","Не покупаю","Яблоки;Груши;Апельсины;Мандарины;Бананы","Соленую","Соки;Чай;Компот;Лимонады;Газировка","","Лепешки ","","","","","","","","","","","","","","","",""
"2024/02/08 11:40:25 AM GMT+3","Студент 👨‍🎓","Додарбеков Камрон Нусратджонович ","114ИС","Мужской","18","2 раза","За продуктами","Супермаркет(Пятерочка, Перекресток, Магнит и др.)","Хлеб","Колбасы;Сосиски;Мясо","Йогурты;Творог;Молоко;Кефир;Сыр","Батончики;Конфеты;Печенье;Пряники;Торты;Чипсы;Сухарики","Не покупаю","Яблоки;Груши;Апельсины;Мандарины;Бананы","Соленую","Соки;Чай;Компот;Лимонады;Газировка;Кофе","","Лепешки","","","","","","","","","","","","","","","",""
"2024/02/08 11:40:56 AM GMT+3","Студент 👨‍🎓","Дюдюев Кирилл Алексеевич ","213ис ","Мужской","18","Больше","За продуктами","Супермаркет(Пятерочка, Перекресток, Магнит и др.);Доставка еды (Яндекс еда, OZON Fresh и др.)","Не покупаю","Колбасы;Мясо;Пельмени","Молоко;Кефир;Сыр","Чипсы","Не покупаю","Яблоки;Мандарины;Бананы","Соленую","Соки;Лимонады","","","","","","","","","","","","","","","","","",""
"2024/02/08 11:41:23 AM GMT+3","Студент 👨‍🎓","Чубарова Алина Александровна ","213ИС-22","Женский","16","Больше","За продуктами;За перекусом;За готовой едой","Кафе, столовая;Гипермаркет (Глобус, Ашан, Metro и др.);Супермаркет(Пятерочка, Перекресток, Магнит и др.);Доставка еды (Яндекс еда, OZON Fresh и др.);Сеть готового питания","Булочки;Хлеб;Пирожки","Колбасы;Сосиски;Нарезку;Мясо;Пельмени;Чебупели","Йогурты;Молоко;Сыр","Конфеты;Печенье;Торты;Чипсы;Сухарики","Моющие средства;Дезинфекционные средства;Освежители и ароматизаторы воздуха;Отбеливатели и средства для выведения пятен","Апельсины;Мандарины","Не покупаю","Соки;Чай;Лимонады;Газировка;Кофе","","Овощи","","","","","","","","","","","","","","","",""
"2024/02/08 11:41:35 AM GMT+3","Студент 👨‍🎓","Ковач Алёна Валентиновна ","202Т-22","Женский","19","2 раза","За продуктами;За перекусом","Гипермаркет (Глобус, Ашан, Metro и др.);Супермаркет(Пятерочка, Перекресток, Магнит и др.);Доставка еды (Яндекс еда, OZON Fresh и др.)","Не покупаю","Колбасы;Мясо;Котлеты;Пельмени","Молоко;Сыр","Пряники;Чипсы;Сухарики","Моющие средства;Дезинфекционные средства;Отбеливатели и средства для выведения пятен","Яблоки;Мандарины;Бананы","Не покупаю","Соки;Чай;Лимонады;Газировка;Кофе","","—","","","","","","","","","","","","","","","",""
"2024/02/08 11:43:02 AM GMT+3","Студент 👨‍🎓","Бахтеева Анна Алексеевна","202Т-22","Женский","17","2 раза","За продуктами;За перекусом","Кафе, столовая;Гипермаркет (Глобус, Ашан, Metro и др.);Супермаркет(Пятерочка, Перекресток, Магнит и др.)","Булочки;Хлеб","Колбасы;Сосиски;Котлеты;Пельмени","Творог;Молоко;Сыр","Батончики;Чипсы","Не покупаю","Яблоки;Мандарины;Бананы","Не покупаю","Соки;Чай;Лимонады;Газировка;Кофе","","","","","","","","","","","","","","","","","",""
"2024/02/08 11:46:38 AM GMT+3","Студент 👨‍🎓","Копченова Анна Алексеевна ","213ИС-22","Женский","17","Больше","За продуктами","Гипермаркет (Глобус, Ашан, Metro и др.);Супермаркет(Пятерочка, Перекресток, Магнит и др.)","Хлеб","Колбасы;Сосиски;Мясо;Котлеты;Пельмени;Чебупели","Йогурты;Творог;Молоко;Кефир;Сыр","Батончики;Конфеты;Печенье;Торты;Чипсы;Сухарики","Дезинфекционные средства","Апельсины;Мандарины;Бананы","Мороженную;Соленую","Соки;Лимонады;Газировка;Кофе","","овощи","","","","","","","","","","","","","","","",""
"2024/02/08 11:58:11 AM GMT+3","Студент 👨‍🎓","Студентов Николай Александрович","213","Мужской","17","2 раза","За продуктами;За перекусом","Супермаркет(Пятерочка, Перекресток, Магнит и др.);Сеть готового питания","Булочки;Хлеб;Пирожки","Колбасы;Мясо;Котлеты;Чебупели","Сыр","Не покупаю","Не покупаю","Яблоки;Апельсины;Мандарины","Не покупаю","Не  покупаю","Огурцы;Помидоры;Салат","-","","","","","","","","","","","","","","","",""
"2024/02/08 11:58:39 AM GMT+3","Студент 👨‍🎓","Рабкина Дана Дмитриевна","202Т-22","Женский","17 ","Больше","За продуктами;За перекусом","Гипермаркет (Глобус, Ашан, Metro и др.);Супермаркет(Пятерочка, Перекресток, Магнит и др.)","Булочки;Хлеб","Колбасы;Сосиски;Пельмени","Йогурты;Сыр","Батончики;Конфеты;Печенье;Торты;Сухарики","Не покупаю","Не покупаю","Не покупаю","Чай","Не покупаю","Газированная вода ","","","","","","","","","","","","","","","",""
"2024/02/08 11:58:56 AM GMT+3","Студент 👨‍🎓","Романов Александр Андреевича ","213ИС-22","Мужской","17","Больше","За продуктами;За перекусом","Супермаркет(Пятерочка, Перекресток, Магнит и др.)","Хлеб;Пирожки","Колбасы;Сосиски;Мясо","Молоко;Сыр","Батончики;Печенье;Чипсы","Моющие средства;Освежители и ароматизаторы воздуха;Отбеливатели и средства для выведения пятен","Яблоки;Груши;Мандарины","Мороженную","Компот;Кофе","Огурцы;Помидоры","Фарш, макароны, картошка","","","","","","","","","","","","","","","",""
"2024/02/08 12:00:53 PM GMT+3","Студент 👨‍🎓","Кулаков Александр Олегович","213ИС","Мужской","17","1 раз","За продуктами;За перекусом","Гипермаркет (Глобус, Ашан, Metro и др.);Супермаркет(Пятерочка, Перекресток, Магнит и др.);Доставка еды (Яндекс еда, OZON Fresh и др.);Сеть готового питания","Булочки;Хлеб;Пирожки","Колбасы;Сосиски;Мясо;Котлеты;Пельмени","Йогурты;Творог;Молоко;Кефир;Сыр","Батончики;Конфеты;Печенье;Пряники;Торты","Моющие средства;Дезинфекционные средства;Освежители и ароматизаторы воздуха;Отбеливатели и средства для выведения пятен","Яблоки;Груши;Мандарины;Бананы","Мороженную;Копченую;Соленую","Соки;Чай;Лимонады;Газировка","Огурцы;Помидоры;Салат","Макароны","","","","","","","","","","","","","","","",""
"2024/02/08 12:02:40 PM GMT+3","Студент 👨‍🎓","Карпов Арсений Владимирович","213ИС-22","Мужской","17","Больше","За продуктами;За перекусом;За готовой едой","Супермаркет(Пятерочка, Перекресток, Магнит и др.)","Булочки;Хлеб","Колбасы;Сосиски;Нарезку;Мясо;Котлеты","Молоко;Сыр","Батончики;Конфеты","Не покупаю","Бананы","Не покупаю","Не  покупаю","Не покупаю","","","","","","","","","","","","","","","","",""
"2024/02/08 12:05:34 PM GMT+3","Студент 👨‍🎓","Байрамов Астан Элданиз Оглы","213-ИС","Мужской","17","2 раза","За продуктами;За перекусом;За готовой едой","Гипермаркет (Глобус, Ашан, Metro и др.);Супермаркет(Пятерочка, Перекресток, Магнит и др.);Доставка еды (Яндекс еда, OZON Fresh и др.)","Хлеб","Мясо;Пельмени;Чебупели","Йогурты;Творог;Молоко;Кефир;Сыр","Батончики;Конфеты;Печенье;Чипсы;Сухарики","Моющие средства;Дезинфекционные средства","Яблоки;Апельсины;Мандарины;Бананы","Мороженную","Соки;Чай;Лимонады;Газировка","Огурцы;Помидоры","Еду быстрого приготовление ","","","","","","","","","","","","","","","",""
"2024/02/08 12:07:34 PM GMT+3","Студент 👨‍🎓","Отемишева Фаина Янакавовна ","213-ИС","Женский","18","2 раза","За продуктами;За перекусом","Кафе, столовая;Гипермаркет (Глобус, Ашан, Metro и др.);Супермаркет(Пятерочка, Перекресток, Магнит и др.);Сеть готового питания","Хлеб;Пирожки","Колбасы;Сосиски;Мясо;Котлеты;Пельмени","Йогурты;Молоко","Батончики;Печенье;Чипсы;Сухарики","Моющие средства;Дезинфекционные средства;Освежители и ароматизаторы воздуха;Отбеливатели и средства для выведения пятен","Мандарины;Бананы","Копченую;Соленую","Соки;Чай;Лимонады;Газировка;Кофе","Огурцы;Помидоры;Салат","","","","","","","","","","","","","","","","",""
"2024/02/08 12:16:49 PM GMT+3","Студент 👨‍🎓","Магидов Егор Павлович","202Т","Мужской","17","Больше","За продуктами","Гипермаркет (Глобус, Ашан, Metro и др.);Супермаркет(Пятерочка, Перекресток, Магнит и др.);Доставка еды (Яндекс еда, OZON Fresh и др.)","Булочки;Хлеб;Пирожки","Колбасы;Сосиски;Нарезку;Мясо;Котлеты;Пельмени;Чебупели","Йогурты;Творог;Молоко;Кефир;Сыр","Батончики;Конфеты;Печенье;Торты;Чипсы","Моющие средства;Освежители и ароматизаторы воздуха;Отбеливатели и средства для выведения пятен","Мандарины;Бананы","Мороженную","Соки;Газировка;Кофе","Огурцы;Помидоры","","","","","","","","","","","","","","","","",""
"2024/02/08 12:25:52 PM GMT+3","Студент 👨‍🎓","Кириллова Виктория Павловна ","213ИС-22","Женский","18","1 раз","За перекусом","Супермаркет(Пятерочка, Перекресток, Магнит и др.)","Булочки","Не покупаю","Молоко","Чипсы","Не покупаю","Не покупаю","Не покупаю","Соки;Чай;Кофе","Огурцы;Помидоры","зеленый липтон ","","","","","","","","","","","","","","","",""
"2024/02/08 12:29:20 PM GMT+3","Студент 👨‍🎓","Петрухина Арина Александровна ","213ИС-22 ","Женский","17","Больше","За продуктами;За перекусом","Кафе, столовая;Гипермаркет (Глобус, Ашан, Metro и др.);Супермаркет(Пятерочка, Перекресток, Магнит и др.)","Булочки;Хлеб;Пирожки","Сосиски;Мясо;Пельмени","Йогурты;Творог;Молоко;Кефир;Сыр","Конфеты;Печенье;Пряники;Торты;Чипсы","Моющие средства;Дезинфекционные средства;Освежители и ароматизаторы воздуха;Отбеливатели и средства для выведения пятен","Яблоки;Груши;Апельсины;Мандарины;Бананы","Не покупаю","Соки;Газировка;Кофе","Огурцы;Помидоры;Салат","","","","","","","","","","","","","","","","",""
"2024/02/08 12:29:30 PM GMT+3","Студент 👨‍🎓","Серебряков Егор Вячеславович ","213ис","Мужской","18","1 раз","За продуктами","Супермаркет(Пятерочка, Перекресток, Магнит и др.)","Хлеб","Колбасы;Сосиски;Нарезку;Мясо;Котлеты;Пельмени","Йогурты;Творог;Молоко;Кефир;Сыр","Батончики;Торты","Моющие средства;Дезинфекционные средства;Отбеливатели и средства для выведения пятен","Мандарины;Бананы","Мороженную","Кофе","Огурцы;Помидоры;Салат","Чёрный липтон, конрацептивы, пиво","","","","","","","","","","","","","","","",""
"2024/02/08 12:30:51 PM GMT+3","Студент 👨‍🎓","Кудравец Екатерина Андреевна ","213ИС-22","Женский","16","Больше","За продуктами","Супермаркет(Пятерочка, Перекресток, Магнит и др.)","Булочки","Не покупаю","Йогурты;Молоко;Сыр","Батончики;Конфеты;Печенье;Чипсы;Сухарики","Моющие средства","Яблоки;Бананы","Не покупаю","Соки;Чай;Лимонады;Газировка","Огурцы;Салат","дилдо (не в продуктовом)","","","","","","","","","","","","","","","",""
"2024/02/08 7:22:25 PM GMT+3","Студент 👨‍🎓","Эфендиев Абдурахман Сиражудинович ","208-ис","Мужской","17","Больше","За продуктами;За перекусом;За готовой едой","Кафе, столовая;Супермаркет(Пятерочка, Перекресток, Магнит и др.)","Хлеб","Сосиски;Мясо","Молоко;Сыр","Батончики;Печенье;Чипсы;Сухарики","Моющие средства;Дезинфекционные средства;Освежители и ароматизаторы воздуха;Отбеливатели и средства для выведения пятен","Яблоки;Мандарины","Не покупаю","Соки;Чай;Лимонады;Газировка","Огурцы;Помидоры;Салат","","","","","","","","","","","","","","","","",""
"2024/02/08 7:22:29 PM GMT+3","Студент 👨‍🎓","Мацкин Семён Максимович","208ИС-22","Мужской","17","Больше","За перекусом;За готовой едой","Кафе, столовая;Гипермаркет (Глобус, Ашан, Metro и др.);Супермаркет(Пятерочка, Перекресток, Магнит и др.);Доставка еды (Яндекс еда, OZON Fresh и др.);Сеть готового питания","Булочки","Колбасы;Пельмени;Чебупели","Йогурты;Творог","Батончики;Конфеты;Торты","Моющие средства;Отбеливатели и средства для выведения пятен","Апельсины;Мандарины;Бананы","Соленую","Соки;Лимонады;Газировка","Огурцы","","","","","","","","","","","","","","","","",""
"2024/02/08 7:23:07 PM GMT+3","Студент 👨‍🎓","Володин Алексей Юрьевич","208ис-22","Мужской","17","Больше","За продуктами;За перекусом","Гипермаркет (Глобус, Ашан, Metro и др.);Супермаркет(Пятерочка, Перекресток, Магнит и др.)","Булочки","Колбасы;Сосиски;Мясо;Котлеты","Йогурты;Творог;Молоко;Кефир;Сыр","Батончики","Не покупаю","Яблоки;Бананы","Копченую","Соки;Чай;Кофе","Огурцы","","","","","","","","","","","","","","","","",""
"2024/02/08 7:44:50 PM GMT+3","Студент 👨‍🎓","Змушко Елизавета Игоревна","208ИС","Женский","16","Больше","За продуктами;За перекусом","Супермаркет(Пятерочка, Перекресток, Магнит и др.)","Хлеб","Мясо","Йогурты;Молоко;Сыр","Не покупаю","Моющие средства;Освежители и ароматизаторы воздуха;Отбеливатели и средства для выведения пятен","Бананы","Не покупаю","Соки;Чай;Газировка","Огурцы;Помидоры;Салат","","","","","","","","","","","","","","","","",""
"2024/02/08 9:27:41 PM GMT+3","Студент 👨‍🎓","Безуглова Мария Викторовна ","208ИС-22","Женский","17","1 раз","За перекусом","Супермаркет(Пятерочка, Перекресток, Магнит и др.)","Хлеб","Колбасы;Пельмени","Молоко","Печенье;Сухарики","Не покупаю","Яблоки;Бананы","Не покупаю","Не  покупаю","Не покупаю","Я практически не хожу в магазин. Потому что ем на работе. ","","","","","","","","","","","","","","","",""
"2024/02/09 10:20:25 AM GMT+3","Студент 👨‍🎓","Фролов Артемий Константинович ","208ис ","Мужской","19","Больше","За продуктами;За перекусом;За готовой едой","Гипермаркет (Глобус, Ашан, Metro и др.);Супермаркет(Пятерочка, Перекресток, Магнит и др.)","Булочки;Пирожки","Колбасы;Сосиски;Нарезку;Мясо;Пельмени","Молоко;Сыр","Батончики;Печенье;Пряники;Чипсы","Моющие средства;Освежители и ароматизаторы воздуха","Не покупаю","Не покупаю","Соки;Лимонады;Газировка","Огурцы;Помидоры","","","","","","","","","","","","","","","","",""
"2024/02/09 1:56:40 PM GMT+3","Студент 👨‍🎓","Маньковская Екатерина Владимировна","213ИС-22","Женский","17","1 раз","За перекусом","Кафе, столовая;Сеть готового питания","Булочки;Пирожки","Пельмени;Не покупаю","Молоко;Не покупаю","Не покупаю","Не покупаю","Не покупаю","Не покупаю","Лимонады;Газировка;Кофе","Не покупаю","","","","","","","","","","","","","","","","",""
"2024/02/09 1:57:20 PM GMT+3","Студент 👨‍🎓","Кулыгина Полина Александровна ","213-ИС","Женский","17","2 раза","За перекусом","Кафе, столовая;Сеть готового питания","Булочки","Колбасы;Сосиски;Нарезку;Чебупели","Йогурты;Творог;Сыр","Батончики;Конфеты","Не покупаю","Яблоки;Груши;Апельсины;Мандарины","Не покупаю","Соки;Чай;Газировка","Огурцы;Помидоры;Салат","","","","","","","","","","","","","","","","",""
"2024/02/09 2:11:57 PM GMT+3","Студент 👨‍🎓","Ляхин Владислав Витальевич ","213ис","Мужской","17","Больше","За продуктами","Супермаркет(Пятерочка, Перекресток, Магнит и др.)","Хлеб","Колбасы;Сосиски;Мясо","Йогурты;Творог;Молоко;Сыр","Конфеты;Печенье;Чипсы","Моющие средства;Отбеливатели и средства для выведения пятен","Яблоки;Мандарины;Бананы","Не покупаю","Чай;Кофе","Огурцы;Помидоры","Спагетти ","","","","","","","","","","","","","","","",""
"2024/02/09 7:57:05 PM GMT+3","Студент 👨‍🎓","Романов Дмитрий Валерьевич","208ИС-22","Мужской","17","2 раза","За продуктами;За перекусом","Кафе, столовая;Гипермаркет (Глобус, Ашан, Metro и др.);Супермаркет(Пятерочка, Перекресток, Магнит и др.)","Булочки;Хлеб","Колбасы;Мясо","Йогурты;Молоко;Сыр","Печенье;Чипсы","Моющие средства;Освежители и ароматизаторы воздуха","Яблоки;Груши;Апельсины;Мандарины;Бананы","Не покупаю","Чай;Газировка;Кофе","Огурцы;Помидоры;Салат","","","","","","","","","","","","","","","","",""
"2024/02/09 9:35:11 PM GMT+3","Студент 👨‍🎓","Агафонов Артём Витальевич ","112р","Мужской","16","Больше","За продуктами","Сеть готового питания","Хлеб","Колбасы;Сосиски;Мясо","Молоко;Сыр","Не покупаю","Не покупаю","Яблоки;Груши","Копченую","Лимонады","Огурцы","Лимон","","","","","","","","","","","","","","","",""
"2024/02/09 9:37:18 PM GMT+3","Студент 👨‍🎓","Швецов Дмитрий Сергеевич","112р-23","Мужской","16","Больше","За продуктами;За перекусом","Гипермаркет (Глобус, Ашан, Metro и др.);Супермаркет(Пятерочка, Перекресток, Магнит и др.)","Хлеб","Колбасы;Сосиски;Нарезку;Мясо;Пельмени","Йогурты;Творог;Молоко;Кефир;Сыр","Батончики;Торты;Чипсы","Не покупаю","Яблоки;Мандарины;Бананы","Не покупаю","Соки;Чай;Лимонады;Газировка","Огурцы;Помидоры;Салат","Ни какие","","","","","","","","","","","","","","","",""
"2024/02/09 9:40:16 PM GMT+3","Студент 👨‍🎓","Ахмедов Мухаммадали Файзуллоевич ","112-Р-23","Мужской","16","Больше","За продуктами","Супермаркет(Пятерочка, Перекресток, Магнит и др.)","Хлеб","Мясо","Йогурты;Молоко;Кефир;Сыр","Батончики;Конфеты;Печенье;Пряники;Торты;Чипсы;Сухарики","Моющие средства","Яблоки;Апельсины;Мандарины;Бананы","Не покупаю","Соки;Чай;Лимонады;Газировка","Огурцы;Помидоры","Шаурма","","","","","","","","","","","","","","","",""
"2024/02/09 9:41:53 PM GMT+3","Студент 👨‍🎓","Соловьев Антон Александрович ","112Р","Мужской","16","2 раза","За продуктами;За перекусом","Супермаркет(Пятерочка, Перекресток, Магнит и др.)","Хлеб","Колбасы;Мясо;Пельмени","Творог;Молоко;Кефир;Сыр","Батончики","Не покупаю","Яблоки;Апельсины;Мандарины;Бананы","Не покупаю","Не  покупаю","Огурцы;Помидоры;Салат","","","","","","","","","","","","","","","","",""
"2024/02/09 9:45:58 PM GMT+3","Студент 👨‍🎓","Бачурин Павел Дмитриевич","112Р-23","Мужской","18","Больше","За продуктами;За перекусом","Гипермаркет (Глобус, Ашан, Metro и др.);Супермаркет(Пятерочка, Перекресток, Магнит и др.)","Не покупаю","Колбасы;Сосиски;Нарезку;Мясо;Котлеты;Пельмени;Чебупели","Творог;Молоко;Сыр","Батончики;Не покупаю","Не покупаю","Яблоки;Груши;Апельсины;Мандарины;Бананы","Не покупаю","Соки;Газировка","Помидоры","Жвачка","","","","","","","","","","","","","","","",""
"2024/02/09 9:53:04 PM GMT+3","Студент 👨‍🎓","Сапарбеков Эрбол Нурланович","112р23","Мужской","15","Больше","За продуктами","Супермаркет(Пятерочка, Перекресток, Магнит и др.)","Хлеб","Колбасы;Сосиски;Мясо;Пельмени","Йогурты;Творог;Молоко","Конфеты;Печенье;Чипсы;Сухарики","Моющие средства","Бананы","Не покупаю","Соки;Лимонады","Не покупаю","","","","","","","","","","","","","","","","",""
"2024/02/09 9:55:31 PM GMT+3","Студент 👨‍🎓","Бахчеван Надежда Андреевна","113ис-23","Женский","16","Больше","За продуктами;За перекусом","Кафе, столовая;Гипермаркет (Глобус, Ашан, Metro и др.);Супермаркет(Пятерочка, Перекресток, Магнит и др.)","Булочки;Хлеб","Сосиски;Пельмени","Йогурты;Сыр","Батончики;Чипсы","Моющие средства;Дезинфекционные средства;Освежители и ароматизаторы воздуха;Отбеливатели и средства для выведения пятен","Яблоки;Мандарины","Не покупаю","Чай","Огурцы;Помидоры","","","","","","","","","","","","","","","","",""
"2024/02/09 9:57:16 PM GMT+3","Студент 👨‍🎓","Крюков Александр Дмитриевич","113-ИС23","Мужской","17","Больше","За продуктами;За перекусом","Кафе, столовая;Супермаркет(Пятерочка, Перекресток, Магнит и др.);Доставка еды (Яндекс еда, OZON Fresh и др.)","Хлеб;Пирожки","Колбасы;Сосиски;Мясо;Пельмени","Йогурты;Творог;Молоко;Сыр","Батончики;Печенье;Торты","Не покупаю","Яблоки;Апельсины;Бананы","Не покупаю","Соки;Газировка","Огурцы;Помидоры","","","","","","","","","","","","","","","","",""
"2024/02/09 9:58:44 PM GMT+3","Студент 👨‍🎓","Лопатин Илья Альбертович","113-ИС-23","Мужской","16","Больше","За продуктами;За перекусом","Супермаркет(Пятерочка, Перекресток, Магнит и др.)","Хлеб","Колбасы;Мясо;Пельмени;Чебупели","Творог;Молоко","Батончики;Чипсы","Освежители и ароматизаторы воздуха","Яблоки;Мандарины","Не покупаю","Чай;Лимонады;Газировка;Кофе","Не покупаю","","","","","","","","","","","","","","","","",""
"2024/02/09 10:09:13 PM GMT+3","Студент 👨‍🎓","Смирнов Максим Алексеевич ","113ис-23","Женский","20","Больше","За готовой едой","Доставка еды (Яндекс еда, OZON Fresh и др.)","Не покупаю","Мясо","Творог","Не покупаю","Не покупаю","Бананы","Не покупаю","Не  покупаю","Не покупаю","Пиво, энергетики, сигареты ","","","","","","","","","","","","","","","",""
"2024/02/09 10:09:35 PM GMT+3","Студент 👨‍🎓","Моисеев Владислав Александрович ","113ИС-23","Мужской","16","1 раз","За продуктами","Доставка еды (Яндекс еда, OZON Fresh и др.)","Хлеб;Пирожки","Колбасы;Сосиски;Мясо;Котлеты;Пельмени","Йогурты;Молоко","Батончики;Конфеты;Печенье;Пряники;Торты;Чипсы;Сухарики","Моющие средства","Апельсины","Копченую","Соки;Кофе","Огурцы;Помидоры;Салат","","","","","","","","","","","","","","","","",""
"2024/02/09 10:36:18 PM GMT+3","Студент 👨‍🎓","Апинян Гор Амиранович","113-ИС","Мужской","16","Больше","За продуктами;За перекусом","Супермаркет(Пятерочка, Перекресток, Магнит и др.);Доставка еды (Яндекс еда, OZON Fresh и др.)","Хлеб","Колбасы;Сосиски;Мясо;Пельмени;Чебупели","Йогурты;Творог;Молоко;Кефир;Сыр","Конфеты;Печенье;Пряники;Торты;Чипсы;Сухарики","Моющие средства;Освежители и ароматизаторы воздуха","Яблоки;Груши;Апельсины;Мандарины;Бананы","Не покупаю","Соки;Чай;Компот;Лимонады;Газировка;Кофе","Огурцы;Помидоры;Салат","","","","","","","","","","","","","","","","",""
"2024/02/09 11:01:55 PM GMT+3","Студент 👨‍🎓","Рывага Тимофей Юрьевич ","112р-23","Мужской","17","Больше","За продуктами","Гипермаркет (Глобус, Ашан, Metro и др.);Супермаркет(Пятерочка, Перекресток, Магнит и др.)","Не покупаю","Мясо","Кефир;Сыр","Не покупаю","Моющие средства;Освежители и ароматизаторы воздуха;Отбеливатели и средства для выведения пятен","Яблоки;Бананы","Не покупаю","Соки;Чай","Огурцы;Помидоры;Салат","","","","","","","","","","","","","","","","",""
"2024/02/10 9:47:23 AM GMT+3","Студент 👨‍🎓","Евдохова Валерия Николаевна ","113 ИС 23","Женский","17","Больше","За перекусом","Супермаркет(Пятерочка, Перекресток, Магнит и др.)","Булочки","Колбасы;Сосиски;Пельмени;Чебупели","Йогурты;Творог;Молоко;Сыр","Конфеты;Печенье","Моющие средства;Освежители и ароматизаторы воздуха;Отбеливатели и средства для выведения пятен","Апельсины;Мандарины","Мороженную;Соленую","Соки;Чай;Газировка;Кофе","Огурцы;Помидоры;Салат","","","","","","","","","","","","","","","","",""
"2024/02/10 12:53:18 PM GMT+3","Студент 👨‍🎓","Климов Кирилл Григорьевич ","112р","Мужской","17","Больше","За продуктами;За перекусом;За готовой едой","Гипермаркет (Глобус, Ашан, Metro и др.);Супермаркет(Пятерочка, Перекресток, Магнит и др.);Доставка еды (Яндекс еда, OZON Fresh и др.)","Не покупаю","Мясо","Не покупаю","Не покупаю","Не покупаю","Яблоки","Соленую","Соки","Не покупаю","Вода","","","","","","","","","","","","","","","",""
"2024/02/10 2:15:14 PM GMT+3","Студент 👨‍🎓","Хатоев Адам Роккиевич","113 ис","Мужской","16","2 раза","За продуктами","Кафе, столовая;Гипермаркет (Глобус, Ашан, Metro и др.);Супермаркет(Пятерочка, Перекресток, Магнит и др.)","Булочки;Хлеб","Колбасы;Сосиски;Мясо","Йогурты;Творог;Молоко;Кефир;Сыр","Конфеты;Печенье;Чипсы","Не покупаю","Яблоки;Груши;Мандарины;Бананы","Соленую","Соки;Чай;Лимонады;Газировка","Огурцы;Помидоры","шампунь ","","","","","","","","","","","","","","","",""
"2024/02/13 10:15:15 AM GMT+3","Студент 👨‍🎓","Давид","101СА","Мужской","17","2 раза","За продуктами","Супермаркет(Пятерочка, Перекресток, Магнит и др.)","Хлеб","Сосиски","Молоко;Сыр","Конфеты;Чипсы","Отбеливатели и средства для выведения пятен","Яблоки;Груши;Апельсины;Мандарины;Бананы","Мороженную","Чай;Компот;Газировка","Огурцы;Помидоры;Салат","","","","","","","","","","","","","","","","",""
"2024/02/13 10:15:34 AM GMT+3","Студент 👨‍🎓","Дьяков Роман Романович ","101-СА","Мужской","17","1 раз","За продуктами;За перекусом;За готовой едой","Кафе, столовая","Булочки","Не покупаю","Йогурты;Молоко;Сыр","Батончики;Чипсы","Не покупаю","Мандарины","Мороженную","Чай;Лимонады;Газировка","Огурцы;Салат","","","","","","","","","","","","","","","","",""
"2024/02/13 10:15:50 AM GMT+3","Студент 👨‍🎓","Алёна ","101-СА-23","Женский","16","Больше","За продуктами","Кафе, столовая;Супермаркет(Пятерочка, Перекресток, Магнит и др.)","Хлеб","Колбасы;Сосиски;Мясо;Котлеты","Йогурты;Творог;Молоко;Кефир;Сыр","Конфеты;Торты;Чипсы;Сухарики","Моющие средства;Освежители и ароматизаторы воздуха","Яблоки;Груши;Апельсины;Мандарины;Бананы","Не покупаю","Соки;Лимонады;Газировка","Огурцы;Помидоры;Салат","","","","","","","","","","","","","","","","",""
"2024/02/13 10:16:08 AM GMT+3","Студент 👨‍🎓","Акишева Елизавета Артуровна","101СА-23","Женский","17","2 раза","За продуктами;За перекусом;За готовой едой","Супермаркет(Пятерочка, Перекресток, Магнит и др.);Доставка еды (Яндекс еда, OZON Fresh и др.)","Не покупаю","Мясо;Пельмени;Чебупели","Йогурты;Молоко;Сыр","Батончики;Печенье","Моющие средства;Освежители и ароматизаторы воздуха;Отбеливатели и средства для выведения пятен","Груши;Апельсины;Мандарины;Бананы","Не покупаю","Чай;Кофе","Огурцы;Помидоры","","","","","","","","","","","","","","","","",""
"2024/02/13 10:16:12 AM GMT+3","Студент 👨‍🎓","Зотеев Степан Алексеевич","101-СА-23","Мужской","16","2 раза","За продуктами;За перекусом","Кафе, столовая;Супермаркет(Пятерочка, Перекресток, Магнит и др.);Доставка еды (Яндекс еда, OZON Fresh и др.)","Хлеб","Колбасы;Сосиски;Нарезку;Пельмени","Йогурты;Молоко;Сыр","Батончики;Конфеты;Пряники;Чипсы;Сухарики","Моющие средства;Не покупаю","Яблоки","Соленую","Соки;Чай;Компот","Огурцы;Помидоры","","","","","","","","","","","","","","","","",""
"2024/02/13 10:16:15 AM GMT+3","Студент 👨‍🎓","Казаков Владислав ","101-СА","Мужской","16","Больше","За продуктами;За готовой едой","Супермаркет(Пятерочка, Перекресток, Магнит и др.);Доставка еды (Яндекс еда, OZON Fresh и др.);Сеть готового питания","Хлеб","Колбасы;Нарезку;Мясо;Пельмени","Творог;Молоко;Сыр","Печенье","Моющие средства;Освежители и ароматизаторы воздуха;Отбеливатели и средства для выведения пятен","Груши;Мандарины","Мороженную","Чай;Кофе","Огурцы;Помидоры;Салат","","","","","","","","","","","","","","","","",""
"2024/02/13 10:16:24 AM GMT+3","Студент 👨‍🎓","Радкевич Кристина Олеговна","101-СА-23","Женский","16","Больше","За перекусом;За готовой едой","Супермаркет(Пятерочка, Перекресток, Магнит и др.);Сеть готового питания","Булочки","Нарезку","Йогурты","Батончики;Конфеты","Не покупаю","Апельсины;Мандарины","Копченую;Соленую","Чай;Газировка","Огурцы;Помидоры","Энергетики. ","","","","","","","","","","","","","","","",""
"2024/02/13 10:16:52 AM GMT+3","Студент 👨‍🎓","Михайлов Илья Дмитриевич ","101-СА-22","Мужской","16","2 раза","За продуктами;За перекусом","Кафе, столовая;Супермаркет(Пятерочка, Перекресток, Магнит и др.)","Булочки","Пельмени;Чебупели","Молоко;Сыр","Чипсы;Сухарики","Не покупаю","Не покупаю","Не покупаю","Соки;Лимонады;Газировка","Салат","Укроп , петрушка","","","","","","","","","","","","","","","",""
"2024/02/13 10:17:01 AM GMT+3","Студент 👨‍🎓","Халилова Нелли","101СА-23","Женский","16","Больше","За перекусом","Кафе, столовая;Супермаркет(Пятерочка, Перекресток, Магнит и др.);Доставка еды (Яндекс еда, OZON Fresh и др.)","Булочки;Хлеб;Пирожки","Колбасы;Сосиски;Пельмени","Йогурты;Молоко;Сыр","Конфеты;Печенье;Торты;Чипсы;Сухарики","Моющие средства;Дезинфекционные средства;Освежители и ароматизаторы воздуха;Отбеливатели и средства для выведения пятен","Яблоки;Мандарины;Бананы","Мороженную;Соленую","Соки;Лимонады;Газировка;Кофе","Огурцы;Помидоры;Салат",".","","","","","","","","","","","","","","","",""
"2024/02/13 10:17:57 AM GMT+3","Студент 👨‍🎓","Гафурова Анастасия Вячеславовна ","101-СА","Женский","17","2 раза","За продуктами","Супермаркет(Пятерочка, Перекресток, Магнит и др.)","Булочки;Хлеб","Колбасы;Сосиски;Мясо","Йогурты;Молоко;Сыр","Батончики;Конфеты;Печенье","Моющие средства;Освежители и ароматизаторы воздуха;Отбеливатели и средства для выведения пятен","Яблоки;Мандарины;Бананы","Соленую","Соки;Чай","Огурцы;Помидоры;Салат","крупы , макароны ","","","","","","","","","","","","","","","",""
"2024/02/13 10:17:58 AM GMT+3","Студент 👨‍🎓","Симонов Алексей Павлович","101-СА-23","Мужской","16","2 раза","За продуктами;За перекусом","Супермаркет(Пятерочка, Перекресток, Магнит и др.);Доставка еды (Яндекс еда, OZON Fresh и др.)","Булочки;Хлеб;Пирожки","Колбасы;Сосиски;Нарезку;Мясо;Котлеты;Пельмени","Йогурты;Творог;Молоко;Кефир;Сыр","Батончики;Конфеты;Печенье;Пряники;Торты;Чипсы;Сухарики","Моющие средства;Дезинфекционные средства;Освежители и ароматизаторы воздуха;Отбеливатели и средства для выведения пятен","Яблоки;Апельсины;Мандарины;Бананы","Мороженную;Копченую;Соленую","Соки;Чай;Компот;Лимонады;Газировка;Кофе","Огурцы;Помидоры;Салат","","","","","","","","","","","","","","","","",""
"2024/02/13 10:18:45 AM GMT+3","Студент 👨‍🎓","Сизова Яна Олеговна","101-СА-23","Женский","17","Больше","За продуктами;За перекусом","Кафе, столовая;Супермаркет(Пятерочка, Перекресток, Магнит и др.);Сеть готового питания","Булочки","Не покупаю","Йогурты;Молоко;Кефир","Конфеты;Печенье","Дезинфекционные средства;Не покупаю","Яблоки;Апельсины;Бананы","Не покупаю","Лимонады;Газировка;Кофе","Огурцы;Помидоры;Салат","Плов, готовые десерты, ","","","","","","","","","","","","","","","",""
"2024/02/13 10:18:45 AM GMT+3","Студент 👨‍🎓","Егоров Дмитрий Станиславович","101-СА-23","Мужской","16","Больше","За продуктами;За перекусом;За готовой едой","Кафе, столовая;Супермаркет(Пятерочка, Перекресток, Магнит и др.)","Булочки;Хлеб;Пирожки","Колбасы;Сосиски;Нарезку;Пельмени","Йогурты;Молоко;Кефир;Сыр","Батончики;Конфеты;Печенье;Чипсы;Сухарики","Не покупаю","Яблоки;Бананы","Не покупаю","Соки;Чай;Лимонады;Газировка","Не покупаю","-","","","","","","","","","","","","","","","",""
"2024/02/13 10:19:03 AM GMT+3","Студент 👨‍🎓","Шаров Вячеслав Юрьевич","101-СА-23","Мужской","17","1 раз","За перекусом","Супермаркет(Пятерочка, Перекресток, Магнит и др.)","Булочки;Хлеб;Пирожки","Сосиски;Пельмени;Чебупели","Молоко;Сыр","Батончики;Печенье;Пряники;Чипсы;Сухарики","Не покупаю","Яблоки;Мандарины;Бананы","Соленую","Соки;Чай;Лимонады;Газировка","Огурцы","","","","","","","","","","","","","","","","",""
"2024/02/13 10:19:19 AM GMT+3","Студент 👨‍🎓","Коваленко Арсений Николаевич ","101-СА-23","Мужской","17","Больше","За продуктами;За перекусом;За готовой едой","Гипермаркет (Глобус, Ашан, Metro и др.);Супермаркет(Пятерочка, Перекресток, Магнит и др.);Доставка еды (Яндекс еда, OZON Fresh и др.)","Булочки;Хлеб;Пирожки","Колбасы;Сосиски;Нарезку;Мясо;Котлеты;Пельмени","Йогурты;Творог;Молоко;Кефир;Сыр","Батончики;Конфеты;Печенье;Торты;Чипсы;Сухарики","Не покупаю","Яблоки;Груши;Мандарины;Бананы","Не покупаю","Соки;Чай;Лимонады;Газировка;Кофе","Огурцы;Салат","Плов,готовые десерты","","","","","","","","","","","","","","","",""
"2024/02/13 10:21:22 AM GMT+3","Студент 👨‍🎓","Довганик Сергей Максимович ","101-СА-23","Мужской","17","Больше","За продуктами","Супермаркет(Пятерочка, Перекресток, Магнит и др.)","Хлеб","Мясо","Молоко","Не покупаю","Не покупаю","Яблоки;Груши;Апельсины;Мандарины;Бананы","Не покупаю","Соки;Чай;Компот;Лимонады;Газировка","Огурцы;Салат","Нет таких","","","","","","","","","","","","","","","",""
"2024/02/13 10:21:43 AM GMT+3","Студент 👨‍🎓","Толстов Сергей Андреевич","101-СА","Мужской","16","Больше","За перекусом","Гипермаркет (Глобус, Ашан, Metro и др.);Супермаркет(Пятерочка, Перекресток, Магнит и др.);Доставка еды (Яндекс еда, OZON Fresh и др.)","Хлеб","Колбасы;Сосиски;Нарезку;Котлеты;Пельмени;Чебупели","Йогурты;Молоко;Сыр","Батончики;Конфеты;Печенье;Пряники;Торты;Чипсы;Сухарики","Не покупаю","Яблоки;Груши;Апельсины;Мандарины;Бананы","Не покупаю","Соки;Чай;Лимонады;Газировка;Кофе","Огурцы;Помидоры","Энергетики","","","","","","","","","","","","","","","",""
"2024/02/15 11:43:17 AM GMT+3","Студент 👨‍🎓","Бровин Михаил Александрович","214","Мужской","17","Больше","За продуктами;За перекусом;За готовой едой","Кафе, столовая;Супермаркет(Пятерочка, Перекресток, Магнит и др.);Доставка еды (Яндекс еда, OZON Fresh и др.)","Пирожки","Пельмени","Сыр","Чипсы","Моющие средства;Освежители и ароматизаторы воздуха","Мандарины;Бананы","Не покупаю","Соки;Чай;Компот;Лимонады;Газировка;Кофе","Огурцы;Помидоры;Салат","","","","","","","","","","","","","","","","",""
"2024/02/15 11:43:51 AM GMT+3","Студент 👨‍🎓","Бабкина Елена Васильевна","214ИС-22","Женский","17","2 раза","За продуктами","Кафе, столовая;Гипермаркет (Глобус, Ашан, Metro и др.);Супермаркет(Пятерочка, Перекресток, Магнит и др.);Доставка еды (Яндекс еда, OZON Fresh и др.)","Хлеб","Колбасы;Сосиски;Нарезку;Мясо;Котлеты;Пельмени","Йогурты;Молоко;Сыр","Конфеты;Печенье;Чипсы","Моющие средства;Освежители и ароматизаторы воздуха;Отбеливатели и средства для выведения пятен","Мандарины","Мороженную","Соки;Чай","Огурцы;Помидоры","","","","","","","","","","","","","","","","",""
"2024/02/15 11:44:45 AM GMT+3","Студент 👨‍🎓","Алёшина Камилла Ренатовна","214ИС-22","Женский","17","2 раза","За перекусом","Супермаркет(Пятерочка, Перекресток, Магнит и др.)","Хлеб","Не покупаю","Йогурты","Конфеты;Печенье;Сухарики","Дезинфекционные средства","Яблоки;Мандарины","Копченую","Соки;Чай","Помидоры;Салат","","","","","","","","","","","","","","","","",""
"2024/02/15 11:45:14 AM GMT+3","Студент 👨‍🎓","Жук Анна Ивановна","214ИС-22","Женский","17","1 раз","За продуктами;За перекусом;За готовой едой","Кафе, столовая;Супермаркет(Пятерочка, Перекресток, Магнит и др.);Доставка еды (Яндекс еда, OZON Fresh и др.)","Хлеб","Сосиски;Мясо;Котлеты;Пельмени","Йогурты;Творог;Молоко;Кефир;Сыр","Конфеты;Печенье;Торты","Моющие средства;Дезинфекционные средства;Освежители и ароматизаторы воздуха;Отбеливатели и средства для выведения пятен","Яблоки;Апельсины;Мандарины;Бананы","Не покупаю","Соки;Чай","Огурцы;Помидоры;Салат","","","","","","","","","","","","","","","","",""
"2024/02/15 11:46:45 AM GMT+3","Студент 👨‍🎓","Бацаева Елизавета Сергеевна","214ИС-22","Женский","20","1 раз","За продуктами","Гипермаркет (Глобус, Ашан, Metro и др.);Супермаркет(Пятерочка, Перекресток, Магнит и др.);Доставка еды (Яндекс еда, OZON Fresh и др.);Сеть готового питания","Булочки;Хлеб","Колбасы;Сосиски;Мясо;Котлеты","Йогурты;Молоко;Сыр","Батончики;Конфеты;Печенье;Чипсы","Моющие средства;Дезинфекционные средства;Освежители и ароматизаторы воздуха","Апельсины;Мандарины","Не покупаю","Соки;Чай;Газировка","Огурцы;Помидоры","влажные и сухие салфетки","","","","","","","","","","","","","","","",""
"2024/02/15 11:55:03 AM GMT+3","Студент 👨‍🎓","Мармодюк Вадим Юрьевич","217 Ис","Мужской","18","Больше","За продуктами;За перекусом;За готовой едой","Кафе, столовая;Гипермаркет (Глобус, Ашан, Metro и др.);Супермаркет(Пятерочка, Перекресток, Магнит и др.);Доставка еды (Яндекс еда, OZON Fresh и др.);Сеть готового питания","Булочки;Хлеб;Пирожки;Не покупаю","Колбасы;Сосиски;Нарезку;Мясо;Котлеты;Пельмени;Чебупели;Не покупаю","Йогурты;Творог;Молоко;Кефир;Сыр;Не покупаю","Батончики;Конфеты;Печенье;Пряники;Торты;Чипсы;Сухарики;Не покупаю","Моющие средства;Дезинфекционные средства;Освежители и ароматизаторы воздуха;Отбеливатели и средства для выведения пятен;Не покупаю","Яблоки;Груши;Апельсины;Мандарины;Бананы;Не покупаю","Мороженную;Копченую;Соленую;Не покупаю","Соки;Чай;Компот;Лимонады;Газировка;Кофе;Не  покупаю","Огурцы;Помидоры;Салат;Не покупаю","Все","","","","","","","","","","","","","","","",""
"2024/02/15 11:56:16 AM GMT+3","Студент 👨‍🎓","Левкович Егор Александрович","215ИС-22","Мужской","17","Больше","За продуктами","Гипермаркет (Глобус, Ашан, Metro и др.);Супермаркет(Пятерочка, Перекресток, Магнит и др.)","Хлеб","Колбасы;Сосиски;Нарезку;Мясо;Пельмени","Йогурты;Молоко;Сыр","Батончики;Конфеты;Печенье;Пряники","Не покупаю","Яблоки;Апельсины","Не покупаю","Соки;Чай;Лимонады;Газировка","Огурцы;Помидоры;Салат","","","","","","","","","","","","","","","","",""
"2024/02/15 11:56:35 AM GMT+3","Студент 👨‍🎓","Сенин Виктор Игоревич ","215 ис","Мужской","17","Больше","За продуктами;За перекусом","Супермаркет(Пятерочка, Перекресток, Магнит и др.)","Булочки;Хлеб","Колбасы;Сосиски;Нарезку;Мясо;Котлеты;Пельмени;Чебупели;Не покупаю","Йогурты;Творог;Молоко;Кефир;Сыр","Не покупаю","Не покупаю","Яблоки;Мандарины;Бананы","Не покупаю","Не  покупаю","Огурцы;Помидоры","Сникерс","","","","","","","","","","","","","","","",""
"2024/02/15 11:56:50 AM GMT+3","Студент 👨‍🎓","Шиленко Ирина Олеговна","215ИС-22","Женский","17","Больше","За продуктами;За перекусом","Гипермаркет (Глобус, Ашан, Metro и др.);Супермаркет(Пятерочка, Перекресток, Магнит и др.)","Хлеб;Пирожки","Колбасы;Нарезку","Молоко;Сыр","Чипсы","Моющие средства;Дезинфекционные средства;Освежители и ароматизаторы воздуха;Отбеливатели и средства для выведения пятен","Яблоки;Апельсины;Мандарины;Бананы","Мороженную;Копченую;Соленую","Соки;Чай;Газировка","Огурцы;Помидоры;Салат","Все овощи и фрукты, энергетики","","","","","","","","","","","","","","","",""
"2024/02/15 11:57:06 AM GMT+3","Студент 👨‍🎓","Чула Арина Евгеньевна ","215ИС ","Женский","16","Больше","За продуктами","Супермаркет(Пятерочка, Перекресток, Магнит и др.);Доставка еды (Яндекс еда, OZON Fresh и др.)","Булочки;Хлеб","Колбасы;Сосиски;Мясо;Котлеты;Пельмени","Молоко;Сыр","Батончики;Конфеты;Печенье;Торты;Чипсы","Моющие средства;Освежители и ароматизаторы воздуха;Отбеливатели и средства для выведения пятен","Яблоки;Апельсины;Мандарины","Не покупаю","Соки;Чай;Лимонады;Газировка;Кофе","Огурцы;Помидоры;Салат","","","","","","","","","","","","","","","","",""
"2024/02/15 11:57:25 AM GMT+3","Студент 👨‍🎓","Покидько Юрий Дмитриевич","215ИС-22","Мужской","16","Больше","За продуктами","Кафе, столовая;Гипермаркет (Глобус, Ашан, Metro и др.);Супермаркет(Пятерочка, Перекресток, Магнит и др.)","Хлеб","Колбасы;Сосиски;Мясо;Котлеты;Пельмени","Йогурты;Творог;Молоко;Кефир;Сыр","Батончики;Конфеты;Печенье;Пряники;Торты","Моющие средства;Дезинфекционные средства;Освежители и ароматизаторы воздуха;Отбеливатели и средства для выведения пятен","Яблоки;Груши;Апельсины;Мандарины;Бананы","Мороженную;Копченую;Соленую","Соки;Чай;Компот;Лимонады;Газировка;Кофе","Огурцы;Помидоры;Салат","Креатин, протеин","","","","","","","","","","","","","","","",""
"2024/02/15 11:57:29 AM GMT+3","Студент 👨‍🎓","Корольков Святослав Игоревич","215ИС-22","Мужской","17","Больше","За продуктами;За перекусом","Кафе, столовая;Гипермаркет (Глобус, Ашан, Metro и др.);Супермаркет(Пятерочка, Перекресток, Магнит и др.);Доставка еды (Яндекс еда, OZON Fresh и др.)","Булочки;Хлеб;Пирожки","Сосиски;Нарезку;Мясо;Пельмени","Молоко;Сыр","Батончики;Конфеты;Печенье;Пряники;Торты","Моющие средства;Дезинфекционные средства;Освежители и ароматизаторы воздуха;Отбеливатели и средства для выведения пятен","Яблоки;Груши;Апельсины;Мандарины;Бананы","Не покупаю","Соки;Чай;Компот;Лимонады;Газировка;Кофе","Огурцы;Помидоры;Салат","","","","","","","","","","","","","","","","",""
"2024/02/15 11:58:21 AM GMT+3","Студент 👨‍🎓","Савельева Елизавета Александровна ","215 ис ","Женский","17","Больше","За продуктами;За перекусом;За готовой едой","Кафе, столовая;Супермаркет(Пятерочка, Перекресток, Магнит и др.)","Булочки;Хлеб","Колбасы;Сосиски;Нарезку;Мясо;Пельмени","Йогурты;Творог;Молоко;Кефир;Сыр","Батончики;Конфеты;Печенье;Пряники;Торты","Моющие средства","Яблоки;Груши;Апельсины;Мандарины;Бананы","Мороженную","Соки;Чай;Лимонады;Газировка;Кофе","Огурцы;Помидоры;Салат","каша, сырки, вода, замороженные овощи ","","","","","","","","","","","","","","","",""
"2024/02/15 11:58:30 AM GMT+3","Студент 👨‍🎓","Ыддвда","215","Женский","17","Больше","За продуктами;За перекусом;За готовой едой","Супермаркет(Пятерочка, Перекресток, Магнит и др.);Доставка еды (Яндекс еда, OZON Fresh и др.)","Хлеб","Нарезку;Пельмени","Йогурты;Молоко;Сыр","Батончики;Конфеты;Печенье;Пряники;Торты;Чипсы;Сухарики","Моющие средства;Отбеливатели и средства для выведения пятен","Яблоки;Груши;Апельсины;Мандарины;Бананы","Мороженную","Соки;Лимонады;Газировка;Кофе","Огурцы;Помидоры;Салат","Шоколадки","","","","","","","","","","","","","","","",""
"2024/02/15 11:58:44 AM GMT+3","Студент 👨‍🎓","Мануйленко Евгений Юрьевич","215ИС","Женский","17","Больше","За продуктами;За перекусом;За готовой едой","Гипермаркет (Глобус, Ашан, Metro и др.)","Булочки","Нарезку","Йогурты","Конфеты;Печенье;Чипсы","Не покупаю","Яблоки;Мандарины;Бананы","Не покупаю","Соки;Чай;Компот","Огурцы;Помидоры;Салат","","","","","","","","","","","","","","","","",""
"2024/02/15 11:58:49 AM GMT+3","Студент 👨‍🎓","Ledlslwksksks","215","Женский","17","2 раза","За продуктами;За перекусом;За готовой едой","Гипермаркет (Глобус, Ашан, Metro и др.);Супермаркет(Пятерочка, Перекресток, Магнит и др.)","Булочки;Пирожки","Нарезку;Котлеты","Молоко","Пряники;Чипсы;Сухарики","Моющие средства;Дезинфекционные средства","Не покупаю","Мороженную","Чай;Кофе","Огурцы;Помидоры;Салат","","","","","","","","","","","","","","","","",""
"2024/02/15 11:59:18 AM GMT+3","Студент 👨‍🎓","Олейник-Солодина Дарья Денисовна","215ИС","Женский","17","2 раза","За перекусом","Супермаркет(Пятерочка, Перекресток, Магнит и др.)","Не покупаю","Нарезку","Йогурты","Печенье","Не покупаю","Бананы","Не покупаю","Соки","Помидоры","Клубничное чудо","","","","","","","","","","","","","","","",""
"2024/02/15 11:59:22 AM GMT+3","Студент 👨‍🎓","Абдурахманов Арген Манасбекович","215","Мужской","18","Больше","За продуктами;За перекусом","Гипермаркет (Глобус, Ашан, Metro и др.);Супермаркет(Пятерочка, Перекресток, Магнит и др.)","Булочки","Колбасы;Сосиски;Мясо","Йогурты;Творог;Молоко;Кефир;Сыр","Батончики;Чипсы;Сухарики","Моющие средства;Освежители и ароматизаторы воздуха","Яблоки;Мандарины;Бананы","Мороженную","Соки;Чай;Лимонады;Газировка;Кофе","Огурцы;Помидоры","","","","","","","","","","","","","","","","",""
"2024/02/15 11:59:36 AM GMT+3","Студент 👨‍🎓","Бадалян Давид Михайлович","215-ИС","Мужской","16","Больше","За продуктами;За перекусом;За готовой едой","Кафе, столовая;Гипермаркет (Глобус, Ашан, Metro и др.);Супермаркет(Пятерочка, Перекресток, Магнит и др.);Доставка еды (Яндекс еда, OZON Fresh и др.);Сеть готового питания","Булочки;Хлеб;Пирожки","Колбасы;Сосиски;Нарезку;Мясо;Котлеты;Пельмени;Чебупели","Йогурты;Творог;Молоко;Кефир;Сыр","Батончики;Конфеты;Печенье;Пряники;Торты;Чипсы;Сухарики","Не покупаю","Не покупаю","Копченую;Соленую","Соки;Чай;Компот;Лимонады;Газировка;Кофе","Огурцы;Помидоры;Салат","-","","","","","","","","","","","","","","","",""
"2024/02/15 12:00:26 PM GMT+3","Студент 👨‍🎓","Микрюков Ярослав Игоревич","215-ис","Мужской","17","Больше","За продуктами;За перекусом;За готовой едой","Кафе, столовая;Супермаркет(Пятерочка, Перекресток, Магнит и др.);Сеть готового питания","Не покупаю","Колбасы;Сосиски;Нарезку;Мясо;Котлеты;Пельмени;Чебупели","Йогурты;Молоко;Сыр","Чипсы;Сухарики","Не покупаю","Яблоки;Мандарины;Бананы","Не покупаю","Соки;Чай;Газировка","Огурцы;Салат","Шаурма ","","","","","","","","","","","","","","","",""
"2024/02/15 12:00:28 PM GMT+3","Студент 👨‍🎓","Першин Егор Александрович","215 ИС ","Мужской","18","Больше","За продуктами;За перекусом","Гипермаркет (Глобус, Ашан, Metro и др.);Супермаркет(Пятерочка, Перекресток, Магнит и др.)","Булочки;Хлеб;Пирожки","Мясо;Котлеты;Пельмени","Творог;Сыр","Батончики;Печенье;Чипсы","Не покупаю","Яблоки;Апельсины;Мандарины;Бананы","Мороженную","Чай;Лимонады;Газировка","Огурцы;Помидоры;Салат","Сметана и авокадо ","","","","","","","","","","","","","","","",""
"2024/02/15 12:04:24 PM GMT+3","Студент 👨‍🎓","Седракян Милена Нарековна ","215 ","Женский","17","Больше","За продуктами","Кафе, столовая;Супермаркет(Пятерочка, Перекресток, Магнит и др.)","Булочки;Хлеб","Сосиски;Мясо;Пельмени","Творог;Молоко;Сыр","Конфеты;Торты;Чипсы","Моющие средства;Дезинфекционные средства;Освежители и ароматизаторы воздуха;Отбеливатели и средства для выведения пятен","Яблоки;Апельсины;Мандарины;Бананы","Мороженную;Копченую","Газировка;Кофе","Огурцы;Помидоры","все указано ","","","","","","","","","","","","","","","",""
"2024/02/15 12:05:37 PM GMT+3","Студент 👨‍🎓","Саргсян Нелли Арменовна ","215ИС-22","Женский","17","1 раз","За перекусом","Кафе, столовая","Хлеб","Мясо;Пельмени","Йогурты;Творог;Кефир;Сыр","Батончики;Конфеты;Печенье","Моющие средства","Яблоки;Бананы","Не покупаю","Соки;Чай;Лимонады","Огурцы;Помидоры","","","","","","","","","","","","","","","","",""
"2024/02/15 2:53:45 PM GMT+3","Студент 👨‍🎓","Баранов Никита Максимович","102СА-23","Мужской","16","Больше","За продуктами;За перекусом","Кафе, столовая;Супермаркет(Пятерочка, Перекресток, Магнит и др.);Доставка еды (Яндекс еда, OZON Fresh и др.)","Булочки;Хлеб","Колбасы;Сосиски;Мясо;Котлеты;Пельмени;Чебупели","Йогурты;Кефир;Сыр","Батончики;Конфеты;Печенье;Пряники;Чипсы;Сухарики","Моющие средства","Яблоки;Бананы","Не покупаю","Соки;Компот;Лимонады;Газировка;Кофе","Огурцы","","","","","","","","","","","","","","","","",""
"2024/02/15 2:54:56 PM GMT+3","Студент 👨‍🎓","Горячева Полинаа","103СА-23","Женский","16","2 раза","За перекусом","Кафе, столовая;Супермаркет(Пятерочка, Перекресток, Магнит и др.);Доставка еды (Яндекс еда, OZON Fresh и др.)","Булочки;Хлеб","Колбасы;Мясо;Пельмени;Чебупели","Йогурты;Молоко;Сыр","Печенье;Чипсы","Не покупаю","Яблоки;Мандарины","Мороженную","Соки;Чай;Газировка","Огурцы;Помидоры","","","","","","","","","","","","","","","","",""
"2024/02/15 2:55:21 PM GMT+3","Студент 👨‍🎓","Валиева Милана","102-СА-23","Женский","16","1 раз","За готовой едой","Доставка еды (Яндекс еда, OZON Fresh и др.)","Хлеб","Пельмени;Чебупели","Молоко;Кефир","Печенье;Чипсы","Моющие средства;Отбеливатели и средства для выведения пятен","Яблоки;Груши","Мороженную","Чай;Газировка","Помидоры","Средства для ухода за собой (шампуни и др.), снеки (попкорн)","","","","","","","","","","","","","","","",""
"2024/02/15 2:55:38 PM GMT+3","Студент 👨‍🎓","Соколов Максим Михайлович ","102-СА-23","Мужской","16","1 раз","За продуктами;За перекусом","Доставка еды (Яндекс еда, OZON Fresh и др.);Сеть готового питания","Хлеб","Колбасы;Сосиски;Нарезку;Мясо;Котлеты;Чебупели","Йогурты;Творог;Молоко;Кефир;Сыр","Печенье;Чипсы;Сухарики","Моющие средства;Дезинфекционные средства;Освежители и ароматизаторы воздуха","Мандарины;Бананы","Мороженную;Копченую;Соленую","Соки;Чай;Лимонады;Газировка;Кофе","Огурцы;Помидоры;Салат","Чебурек","","","","","","","","","","","","","","","",""
"2024/02/15 2:55:41 PM GMT+3","Студент 👨‍🎓","Саруханов Амир Тимурович ","102 са -23","Мужской","16","2 раза","За перекусом","Супермаркет(Пятерочка, Перекресток, Магнит и др.);Доставка еды (Яндекс еда, OZON Fresh и др.)","Хлеб","Пельмени;Чебупели","Не покупаю","Чипсы","Моющие средства","Не покупаю","Не покупаю","Чай;Лимонады","Не покупаю","-","","","","","","","","","","","","","","","",""
"2024/02/15 2:55:43 PM GMT+3","Студент 👨‍🎓","Чибиряев Данила Андреевич","102СА-23","Мужской","17","1 раз","За перекусом","Гипермаркет (Глобус, Ашан, Metro и др.)","Хлеб","Не покупаю","Йогурты;Молоко","Конфеты;Печенье;Чипсы;Сухарики","Моющие средства","Яблоки;Груши","Мороженную","Чай;Лимонады","Помидоры;Салат","","","","","","","","","","","","","","","","",""
"2024/02/15 2:55:52 PM GMT+3","Студент 👨‍🎓","Кустов Роман Дмитриевич","102Са","Мужской","16","Больше","За продуктами;За перекусом;За готовой едой","Гипермаркет (Глобус, Ашан, Metro и др.);Доставка еды (Яндекс еда, OZON Fresh и др.)","Хлеб","Колбасы;Сосиски;Нарезку;Мясо;Котлеты;Пельмени;Чебупели","Йогурты;Творог;Молоко;Кефир","Батончики","Моющие средства;Освежители и ароматизаторы воздуха","Яблоки;Груши;Апельсины;Мандарины;Бананы","Не покупаю","Соки;Чай;Лимонады;Кофе","Огурцы;Помидоры;Салат","не знаю ","","","","","","","","","","","","","","","",""
"2024/02/15 2:56:52 PM GMT+3","Студент 👨‍🎓","Захаров Александр Сеогеевич","102-СА","Мужской","16","Больше","За перекусом","Кафе, столовая;Гипермаркет (Глобус, Ашан, Metro и др.);Супермаркет(Пятерочка, Перекресток, Магнит и др.);Доставка еды (Яндекс еда, OZON Fresh и др.)","Булочки;Хлеб;Пирожки","Колбасы;Сосиски;Нарезку;Мясо;Котлеты;Пельмени;Чебупели","Йогурты;Молоко;Сыр","Батончики;Конфеты;Печенье;Пряники;Торты;Чипсы;Сухарики","Не покупаю","Не покупаю","Соленую","Соки;Чай;Компот;Лимонады;Газировка;Кофе","Не покупаю","Я не скажу","","","","","","","","","","","","","","","",""
"2024/02/15 2:57:25 PM GMT+3","Студент 👨‍🎓","Кочетов Сергей Иванович ","102-СА-23","Мужской","16","Больше","За продуктами;За перекусом","Кафе, столовая;Гипермаркет (Глобус, Ашан, Metro и др.);Супермаркет(Пятерочка, Перекресток, Магнит и др.)","Булочки;Хлеб","Колбасы;Сосиски;Мясо;Пельмени;Чебупели","Йогурты;Молоко;Сыр","Батончики;Конфеты;Печенье;Чипсы;Сухарики","Не покупаю","Не покупаю","Не покупаю","Газировка;Кофе","Не покупаю","","","","","","","","","","","","","","","","",""
"2024/02/15 2:57:35 PM GMT+3","Студент 👨‍🎓","Исмаилов Муслим Маоикович ","102-СА-23","Мужской","16","Больше","За продуктами;За перекусом;За готовой едой","Кафе, столовая;Гипермаркет (Глобус, Ашан, Metro и др.);Супермаркет(Пятерочка, Перекресток, Магнит и др.);Сеть готового питания","Булочки;Хлеб","Колбасы;Сосиски;Нарезку;Мясо;Пельмени","Йогурты;Творог;Молоко;Кефир;Сыр","Батончики;Конфеты;Печенье;Чипсы;Сухарики","Моющие средства;Дезинфекционные средства;Отбеливатели и средства для выведения пятен","Яблоки;Груши;Апельсины;Бананы","Копченую","Соки;Чай;Лимонады;Газировка;Кофе","Огурцы;Помидоры;Салат","","","","","","","","","","","","","","","","",""
"2024/02/15 2:57:39 PM GMT+3","Студент 👨‍🎓","Полежаев Алексей Михайлович","102-СА-23","Мужской","15","Больше","За продуктами;За перекусом;За готовой едой","Супермаркет(Пятерочка, Перекресток, Магнит и др.);Доставка еды (Яндекс еда, OZON Fresh и др.);Сеть готового питания","Булочки","Не покупаю","Молоко","Батончики;Конфеты;Печенье;Чипсы;Сухарики","Не покупаю","Бананы","Не покупаю","Соки;Чай;Лимонады;Газировка","Не покупаю","","","","","","","","","","","","","","","","",""
"2024/02/15 2:59:43 PM GMT+3","Студент 👨‍🎓","Алим","102Са","Мужской","16","Больше","За продуктами;За перекусом;За готовой едой","Кафе, столовая;Гипермаркет (Глобус, Ашан, Metro и др.);Супермаркет(Пятерочка, Перекресток, Магнит и др.)","Булочки;Хлеб","Чебупели","Творог;Молоко;Сыр","Печенье","Дезинфекционные средства;Отбеливатели и средства для выведения пятен","Яблоки;Апельсины;Мандарины;Бананы","Не покупаю","Соки;Чай","Огурцы;Помидоры","Шоколад, сухое молоко, ЧЕБУПИЦЦА), какао-порошок, нагетсы, чан рамен, лапша крч, вооот, еще жвачка и всякое такое вкусное","","","","","","","","","","","","","","","",""