"Отметка времени","Кто вы ?","Ф.И.О.","Номер группы","Пол","Возраст ","Сколько раз в неделю вы посещаете продуктовый магазин?","Цель посещения продуктового магазина?","Где вы покупаете продукты питания?","Какую хлебобулочную продукцию вы покупаете?","Какую мясную продукцию вы покупаете?","Какую молочную продукцию вы покупаете?","Какие вкусности вы покупаете?","Какую бытовую химию вы покупаете? ","Какие фрукты вы покупаете?","Какую рыбу вы покупаете ","Какие напитки вы покупаете ","Какие овощи вы покупаете ","Какие товары вы покупаете, но мы их не указали?","Ф.И.О.","Пол","Возраст ","Сколько раз в неделю вы посещаете продуктовый магазин?","Цель посещения продуктового магазина?","Где вы покупаете продукты питания?","Какую хлебобулочную продукцию вы покупаете?","Какую мясную продукцию вы покупаете?","Какую молочную продукцию вы покупаете?","Какие вкусности вы покупаете?","Какую бытовую химию вы покупаете? ","Какие фрукты вы покупаете?","Какую рыбу вы покупаете ","Какие напитки вы покупаете ","Какие овощи вы покупаете ","Какие товары вы покупаете, но мы их не указали?"
"2024/02/08 11:35:11 AM GMT+3","Студент 👨‍🎓","Серков Илья Олегович","114-ИС-23","Женский","17","2 раза","За продуктами","Супермаркет(Пятерочка, Перекресток, Магнит и др.)","Булочки;Хлеб;Пирожки","Колбасы;Сосиски;Нарезку;Мясо;Котлеты;Пельмени","Творог;Молоко;Кефир;Сыр","Батончики;Печенье;Пряники;Торты;Чипсы;Сухарики","Моющие средства;Дезинфекционные средства;Освежители и ароматизаторы воздуха","Яблоки;Груши;Мандарины;Бананы","Мороженную;Соленую","Лимонады;Газировка","","Зоотовары","","","","","","","","","","","","","","","",""
"2024/02/08 11:35:12 AM GMT+3","Студент 👨‍🎓","Врэжитор Михаела Михайловна ","114-ИС-23","Женский","16","1 раз","За продуктами;За перекусом;За готовой едой","Супермаркет(Пятерочка, Перекресток, Магнит и др.);Доставка еды (Яндекс еда, OZON Fresh и др.);Сеть готового питания","Хлеб","Колбасы;Сосиски;Нарезку;Мясо;Пельмени","Не покупаю","Конфеты;Торты;Чипсы","Моющие средства;Отбеливатели и средства для выведения пятен","Яблоки;Апельсины;Мандарины;Бананы","Не покупаю","Газировка;Кофе","","","","","","","","","","","","","","","","","",""
"2024/02/08 11:35:27 AM GMT+3","Студент 👨‍🎓","Гепа Егор Дмитриевич","114-ИС-23","Мужской","16","2 раза","За продуктами","Гипермаркет (Глобус, Ашан, Metro и др.);Супермаркет(Пятерочка, Перекресток, Магнит и др.)","Булочки;Хлеб;Пирожки","Колбасы;Сосиски;Мясо;Котлеты;Пельмени","Йогурты;Творог;Молоко;Кефир;Сыр","Батончики;Конфеты;Печенье;Торты;Чипсы;Сухарики","Моющие средства;Дезинфекционные средства;Освежители и ароматизаторы воздуха","Яблоки;Груши;Апельсины;Мандарины;Бананы","Копченую;Соленую","Соки;Лимонады;Газировка","","","","","","","","","","","","","","","","","",""
"2024/02/08 11:35:28 AM GMT+3","Студент 👨‍🎓","Знатнов Владислав Алексеевич ","114","Мужской","16","2 раза","За перекусом","Кафе, столовая;Супермаркет(Пятерочка, Перекресток, Магнит и др.)","Не покупаю","Колбасы;Сосиски;Мясо;Котлеты;Пельмени","Йогурты;Творог;Сыр","Батончики;Печенье","Не покупаю","Яблоки;Мандарины;Бананы","Копченую","Соки","","Все указали ","","","","","","","","","","","","","","","",""
"2024/02/08 11:35:39 AM GMT+3","Студент 👨‍🎓","Гонтаренко Валерия Николаевна","114ис-23","Женский","16","Больше","За продуктами","Супермаркет(Пятерочка, Перекресток, Магнит и др.);Доставка еды (Яндекс еда, OZON Fresh и др.)","Не покупаю","Не покупаю","Йогурты;Творог","Не покупаю","Не покупаю","Апельсины;Мандарины;Бананы","Мороженную;Не покупаю","Не  покупаю","","воду","","","","","","","","","","","","","","","",""
"2024/02/08 11:35:41 AM GMT+3","Студент 👨‍🎓","Санду Николь Денисовна ","114ИС-23","Женский","16","1 раз","За перекусом","Супермаркет(Пятерочка, Перекресток, Магнит и др.)","Булочки","Сосиски","Молоко","Печенье;Торты;Чипсы;Сухарики","Не покупаю","Апельсины;Мандарины","Не покупаю","Соки;Чай;Лимонады;Газировка","","","","","","","","","","","","","","","","","",""
"2024/02/08 11:35:42 AM GMT+3","Студент 👨‍🎓","Голубков Максим Сергеевич","114-ис","Мужской","16","2 раза","За продуктами;За перекусом","Супермаркет(Пятерочка, Перекресток, Магнит и др.)","Хлеб","Колбасы;Мясо","Йогурты;Творог;Сыр","Батончики","Моющие средства","Груши;Мандарины;Бананы","Мороженную","Не  покупаю","","Личной гигиены ","","","","","","","","","","","","","","","",""
"2024/02/08 11:35:52 AM GMT+3","Студент 👨‍🎓","Пилипенко Анастасия Петровна ","114ИС 23","Женский","16","Больше","За продуктами;За перекусом","Кафе, столовая;Гипермаркет (Глобус, Ашан, Metro и др.);Супермаркет(Пятерочка, Перекресток, Магнит и др.);Доставка еды (Яндекс еда, OZON Fresh и др.)","Булочки;Хлеб","Колбасы;Сосиски;Нарезку;Мясо;Пельмени;Чебупели","Йогурты;Творог;Молоко;Кефир;Сыр","Батончики;Конфеты;Печенье;Чипсы;Сухарики","Освежители и ароматизаторы воздуха;Отбеливатели и средства для выведения пятен","Яблоки;Мандарины;Бананы","Соленую","Соки;Чай;Лимонады;Газировка;Кофе","","","","","","","","","","","","","","","","","",""
"2024/02/08 11:36:08 AM GMT+3","Студент 👨‍🎓","Павловских Михаил Леонидович","114","Мужской","17","1 раз","За продуктами;За перекусом;За готовой едой","Кафе, столовая;Гипермаркет (Глобус, Ашан, Metro и др.);Супермаркет(Пятерочка, Перекресток, Магнит и др.)","Булочки","Колбасы;Сосиски;Нарезку;Мясо;Котлеты;Пельмени;Чебупели","Молоко;Сыр","Батончики;Печенье;Пряники;Торты;Чипсы","Дезинфекционные средства;Освежители и ароматизаторы воздуха;Отбеливатели и средства для выведения пятен","Груши;Апельсины;Не покупаю","Копченую;Соленую","Чай;Лимонады;Кофе","","","","","","","","","","","","","","","","","",""
"2024/02/08 11:36:12 AM GMT+3","Студент 👨‍🎓","Адылов Тимур Музафарович","114ИС-23","Мужской","16","Больше","За продуктами;За перекусом","Гипермаркет (Глобус, Ашан, Metro и др.);Супермаркет(Пятерочка, Перекресток, Магнит и др.)","Булочки;Хлеб","Сосиски;Нарезку;Мясо;Котлеты;Пельмени","Йогурты;Творог;Молоко","Чипсы;Сухарики","Моющие средства;Дезинфекционные средства","Яблоки;Мандарины;Бананы","Мороженную","Чай;Кофе","","","","","","","","","","","","","","","","","",""
"2024/02/08 11:36:42 AM GMT+3","Студент 👨‍🎓","Шарипов Алиджон Диловарович ","114-ИС","Мужской","16","1 раз","За продуктами","Супермаркет(Пятерочка, Перекресток, Магнит и др.)","Хлеб","Пельмени","Творог;Молоко;Сыр","Батончики;Конфеты;Печенье;Пряники;Торты","Не покупаю","Яблоки;Бананы","Не покупаю","Соки;Чай;Лимонады;Кофе","","","","","","","","","","","","","","","","","",""
"2024/02/08 11:36:48 AM GMT+3","Преподаватель или Администратор 🧑‍🏫","","","","","","","","","","","","","","","","","","Клскорнева лс","Женский","55","Больше","За продуктами;За перекусом","Гипермаркет (Глобус, Ашан, Metro и др.);Супермаркет(Пятерочка, Перекресток, Магнит и др.)","Хлеб","Колбасы;Сосиски;Мясо;Пельмени","Творог;Молоко;Сыр;Сметана","Конфеты;Печенье;Торты","Моющие средства;Освежители и ароматизаторы воздуха","Яблоки;Груши;Апельсины;Мандарины;Бананы","Мороженную","Чай;Кофе","","Киндерсюрприз, "
"2024/02/08 11:36:48 AM GMT+3","Студент 👨‍🎓","Ахмадзода Абдуллои Фахриддин ","114ИС-23 ","Мужской","16","Больше","За продуктами","Супермаркет(Пятерочка, Перекресток, Магнит и др.)","Хлеб","Мясо","Йогурты;Творог;Молоко;Сыр","Батончики;Конфеты;Торты;Чипсы;Сухарики","Моющие средства","Яблоки;Груши;Апельсины;Мандарины;Бананы","Не покупаю","Соки;Газировка","","","","","","","","","","","","","","","","","",""
"2024/02/08 11:37:07 AM GMT+3","Студент 👨‍🎓","Гафуров Нурсултон Вомикович ","114-ИС-23","Мужской","16","Больше","За продуктами","Гипермаркет (Глобус, Ашан, Metro и др.);Супермаркет(Пятерочка, Перекресток, Магнит и др.);Доставка еды (Яндекс еда, OZON Fresh и др.)","Булочки;Хлеб","Не покупаю","Творог;Молоко;Кефир;Сыр","Батончики;Конфеты;Печенье;Пряники;Торты;Чипсы;Сухарики","Не покупаю","Яблоки;Груши;Апельсины;Мандарины;Бананы","Не покупаю","Соки;Чай;Компот;Лимонады;Газировка;Кофе","","","","","","","","","","","","","","","","","",""
"2024/02/08 11:37:13 AM GMT+3","Студент 👨‍🎓","Рылкова Раиса Александровна ","114-ис-23","Женский","16","Больше","За перекусом","Гипермаркет (Глобус, Ашан, Metro и др.);Супермаркет(Пятерочка, Перекресток, Магнит и др.)","Булочки;Хлеб","Колбасы;Сосиски;Нарезку;Мясо;Чебупели","Йогурты;Молоко;Сыр","Батончики;Конфеты;Печенье;Торты;Чипсы;Сухарики","Отбеливатели и средства для выведения пятен","Яблоки;Мандарины","Мороженную;Соленую","Газировка;Кофе","","","","","","","","","","","","","","","","","",""
"2024/02/08 11:37:21 AM GMT+3","Студент 👨‍🎓","Алиев Али Фазильевич ","114 ИС 23","Мужской","16","Больше","За перекусом","Гипермаркет (Глобус, Ашан, Metro и др.);Супермаркет(Пятерочка, Перекресток, Магнит и др.)","Хлеб","Мясо","Йогурты;Молоко","Батончики;Торты;Чипсы","Не покупаю","Яблоки;Бананы","Соленую","Соки;Газировка;Кофе","","Креатин ","","","","","","","","","","","","","","","",""
"2024/02/08 11:37:44 AM GMT+3","Студент 👨‍🎓","Миронов Максим Андреевич","114ИС-23","Мужской","16","Больше","За перекусом","Супермаркет(Пятерочка, Перекресток, Магнит и др.);Доставка еды (Яндекс еда, OZON Fresh и др.)","Булочки;Хлеб","Колбасы;Нарезку;Пельмени","Йогурты;Молоко;Сыр","Батончики;Чипсы;Сухарики","Не покупаю","Яблоки;Мандарины;Бананы","Не покупаю","Соки;Газировка;Кофе","","энергетики","","","","","","","","","","","","","","","",""
"2024/02/08 11:39:41 AM GMT+3","Студент 👨‍🎓","Цветкова Алина Александровна ","202Т-22","Женский","17","Больше","За продуктами;За перекусом;За готовой едой","Кафе, столовая;Доставка еды (Яндекс еда, OZON Fresh и др.);Сеть готового питания","Булочки","Не покупаю","Йогурты;Сыр","Батончики;Конфеты;Печенье;Пряники;Торты;Чипсы;Сухарики","Не покупаю","Яблоки;Груши;Апельсины;Мандарины;Бананы","Не покупаю","Соки;Чай;Компот;Лимонады;Газировка;Кофе","","","","","","","","","","","","","","","","","",""
"2024/02/08 11:40:19 AM GMT+3","Студент 👨‍🎓","Саидов Мухаммаджон","114Ис","Мужской","18","2 раза","За продуктами","Супермаркет(Пятерочка, Перекресток, Магнит и др.)","Хлеб","Мясо","Йогурты;Творог;Молоко;Кефир;Сыр","Батончики;Конфеты;Печенье;Пряники;Торты;Чипсы;Сухарики","Не покупаю","Яблоки;Груши;Апельсины;Мандарины;Бананы","Соленую","Соки;Чай;Компот;Лимонады;Газировка","","Лепешки ","","","","","","","","","","","","","","","",""
"2024/02/08 11:40:25 AM GMT+3","Студент 👨‍🎓","Додарбеков Камрон Нусратджонович ","114ИС","Мужской","18","2 раза","За продуктами","Супермаркет(Пятерочка, Перекресток, Магнит и др.)","Хлеб","Колбасы;Сосиски;Мясо","Йогурты;Творог;Молоко;Кефир;Сыр","Батончики;Конфеты;Печенье;Пряники;Торты;Чипсы;Сухарики","Не покупаю","Яблоки;Груши;Апельсины;Мандарины;Бананы","Соленую","Соки;Чай;Компот;Лимонады;Газировка;Кофе","","Лепешки","","","","","","","","","","","","","","","",""
"2024/02/08 11:40:56 AM GMT+3","Студент 👨‍🎓","Дюдюев Кирилл Алексеевич ","213ис ","Мужской","18","Больше","За продуктами","Супермаркет(Пятерочка, Перекресток, Магнит и др.);Доставка еды (Яндекс еда, OZON Fresh и др.)","Не покупаю","Колбасы;Мясо;Пельмени","Молоко;Кефир;Сыр","Чипсы","Не покупаю","Яблоки;Мандарины;Бананы","Соленую","Соки;Лимонады","","","","","","","","","","","","","","","","","",""
"2024/02/08 11:41:23 AM GMT+3","Студент 👨‍🎓","Чубарова Алина Александровна ","213ИС-22","Женский","16","Больше","За продуктами;За перекусом;За готовой едой","Кафе, столовая;Гипермаркет (Глобус, Ашан, Metro и др.);Супермаркет(Пятерочка, Перекресток, Магнит и др.);Доставка еды (Яндекс еда, OZON Fresh и др.);Сеть готового питания","Булочки;Хлеб;Пирожки","Колбасы;Сосиски;Нарезку;Мясо;Пельмени;Чебупели","Йогурты;Молоко;Сыр","Конфеты;Печенье;Торты;Чипсы;Сухарики","Моющие средства;Дезинфекционные средства;Освежители и ароматизаторы воздуха;Отбеливатели и средства для выведения пятен","Апельсины;Мандарины","Не покупаю","Соки;Чай;Лимонады;Газировка;Кофе","","Овощи","","","","","","","","","","","","","","","",""
"2024/02/08 11:41:35 AM GMT+3","Студент 👨‍🎓","Ковач Алёна Валентиновна ","202Т-22","Женский","19","2 раза","За продуктами;За перекусом","Гипермаркет (Глобус, Ашан, Metro и др.);Супермаркет(Пятерочка, Перекресток, Магнит и др.);Доставка еды (Яндекс еда, OZON Fresh и др.)","Не покупаю","Колбасы;Мясо;Котлеты;Пельмени","Молоко;Сыр","Пряники;Чипсы;Сухарики","Моющие средства;Дезинфекционные средства;Отбеливатели и средства для выведения пятен","Яблоки;Мандарины;Бананы","Не покупаю","Соки;Чай;Лимонады;Газировка;Кофе","","—","","","","","","","","","","","","","","","",""
"2024/02/08 11:43:02 AM GMT+3","Студент 👨‍🎓","Бахтеева Анна Алексеевна","202Т-22","Женский","17","2 раза","За продуктами;За перекусом","Кафе, столовая;Гипермаркет (Глобус, Ашан, Metro и др.);Супермаркет(Пятерочка, Перекресток, Магнит и др.)","Булочки;Хлеб","Колбасы;Сосиски;Котлеты;Пельмени","Творог;Молоко;Сыр","Батончики;Чипсы","Не покупаю","Яблоки;Мандарины;Бананы","Не покупаю","Соки;Чай;Лимонады;Газировка;Кофе","","","","","","","","","","","","","","","","","",""
"2024/02/08 11:46:38 AM GMT+3","Студент 👨‍🎓","Копченова Анна Алексеевна ","213ИС-22","Женский","17","Больше","За продуктами","Гипермаркет (Глобус, Ашан, Metro и др.);Супермаркет(Пятерочка, Перекресток, Магнит и др.)","Хлеб","Колбасы;Сосиски;Мясо;Котлеты;Пельмени;Чебупели","Йогурты;Творог;Молоко;Кефир;Сыр","Батончики;Конфеты;Печенье;Торты;Чипсы;Сухарики","Дезинфекционные средства","Апельсины;Мандарины;Бананы","Мороженную;Соленую","Соки;Лимонады;Газировка;Кофе","","овощи","","","","","","","","","","","","","","","",""
"2024/02/08 11:58:11 AM GMT+3","Студент 👨‍🎓","Студентов Николай Александрович","213","Мужской","17","2 раза","За продуктами;За перекусом","Супермаркет(Пятерочка, Перекресток, Магнит и др.);Сеть готового питания","Булочки;Хлеб;Пирожки","Колбасы;Мясо;Котлеты;Чебупели","Сыр","Не покупаю","Не покупаю","Яблоки;Апельсины;Мандарины","Не покупаю","Не  покупаю","Огурцы;Помидоры;Салат","-","","","","","","","","","","","","","","","",""
"2024/02/08 11:58:39 AM GMT+3","Студент 👨‍🎓","Рабкина Дана Дмитриевна","202Т-22","Женский","17 ","Больше","За продуктами;За перекусом","Гипермаркет (Глобус, Ашан, Metro и др.);Супермаркет(Пятерочка, Перекресток, Магнит и др.)","Булочки;Хлеб","Колбасы;Сосиски;Пельмени","Йогурты;Сыр","Батончики;Конфеты;Печенье;Торты;Сухарики","Не покупаю","Не покупаю","Не покупаю","Чай","Не покупаю","Газированная вода ","","","","","","","","","","","","","","","",""
"2024/02/08 11:58:56 AM GMT+3","Студент 👨‍🎓","Романов Александр Андреевича ","213ИС-22","Мужской","17","Больше","За продуктами;За перекусом","Супермаркет(Пятерочка, Перекресток, Магнит и др.)","Хлеб;Пирожки","Колбасы;Сосиски;Мясо","Молоко;Сыр","Батончики;Печенье;Чипсы","Моющие средства;Освежители и ароматизаторы воздуха;Отбеливатели и средства для выведения пятен","Яблоки;Груши;Мандарины","Мороженную","Компот;Кофе","Огурцы;Помидоры","Фарш, макароны, картошка","","","","","","","","","","","","","","","",""
"2024/02/08 12:00:53 PM GMT+3","Студент 👨‍🎓","Кулаков Александр Олегович","213ИС","Мужской","17","1 раз","За продуктами;За перекусом","Гипермаркет (Глобус, Ашан, Metro и др.);Супермаркет(Пятерочка, Перекресток, Магнит и др.);Доставка еды (Яндекс еда, OZON Fresh и др.);Сеть готового питания","Булочки;Хлеб;Пирожки","Колбасы;Сосиски;Мясо;Котлеты;Пельмени","Йогурты;Творог;Молоко;Кефир;Сыр","Батончики;Конфеты;Печенье;Пряники;Торты","Моющие средства;Дезинфекционные средства;Освежители и ароматизаторы воздуха;Отбеливатели и средства для выведения пятен","Яблоки;Груши;Мандарины;Бананы","Мороженную;Копченую;Соленую","Соки;Чай;Лимонады;Газировка","Огурцы;Помидоры;Салат","Макароны","","","","","","","","","","","","","","","",""
"2024/02/08 12:02:40 PM GMT+3","Студент 👨‍🎓","Карпов Арсений Владимирович","213ИС-22","Мужской","17","Больше","За продуктами;За перекусом;За готовой едой","Супермаркет(Пятерочка, Перекресток, Магнит и др.)","Булочки;Хлеб","Колбасы;Сосиски;Нарезку;Мясо;Котлеты","Молоко;Сыр","Батончики;Конфеты","Не покупаю","Бананы","Не покупаю","Не  покупаю","Не покупаю","","","","","","","","","","","","","","","","",""
"2024/02/08 12:05:34 PM GMT+3","Студент 👨‍🎓","Байрамов Астан Элданиз Оглы","213-ИС","Мужской","17","2 раза","За продуктами;За перекусом;За готовой едой","Гипермаркет (Глобус, Ашан, Metro и др.);Супермаркет(Пятерочка, Перекресток, Магнит и др.);Доставка еды (Яндекс еда, OZON Fresh и др.)","Хлеб","Мясо;Пельмени;Чебупели","Йогурты;Творог;Молоко;Кефир;Сыр","Батончики;Конфеты;Печенье;Чипсы;Сухарики","Моющие средства;Дезинфекционные средства","Яблоки;Апельсины;Мандарины;Бананы","Мороженную","Соки;Чай;Лимонады;Газировка","Огурцы;Помидоры","Еду быстрого приготовление ","","","","","","","","","","","","","","","",""
"2024/02/08 12:07:34 PM GMT+3","Студент 👨‍🎓","Отемишева Фаина Янакавовна ","213-ИС","Женский","18","2 раза","За продуктами;За перекусом","Кафе, столовая;Гипермаркет (Глобус, Ашан, Metro и др.);Супермаркет(Пятерочка, Перекресток, Магнит и др.);Сеть готового питания","Хлеб;Пирожки","Колбасы;Сосиски;Мясо;Котлеты;Пельмени","Йогурты;Молоко","Батончики;Печенье;Чипсы;Сухарики","Моющие средства;Дезинфекционные средства;Освежители и ароматизаторы воздуха;Отбеливатели и средства для выведения пятен","Мандарины;Бананы","Копченую;Соленую","Соки;Чай;Лимонады;Газировка;Кофе","Огурцы;Помидоры;Салат","","","","","","","","","","","","","","","","",""
"2024/02/08 12:16:49 PM GMT+3","Студент 👨‍🎓","Магидов Егор Павлович","202Т","Мужской","17","Больше","За продуктами","Гипермаркет (Глобус, Ашан, Metro и др.);Супермаркет(Пятерочка, Перекресток, Магнит и др.);Доставка еды (Яндекс еда, OZON Fresh и др.)","Булочки;Хлеб;Пирожки","Колбасы;Сосиски;Нарезку;Мясо;Котлеты;Пельмени;Чебупели","Йогурты;Творог;Молоко;Кефир;Сыр","Батончики;Конфеты;Печенье;Торты;Чипсы","Моющие средства;Освежители и ароматизаторы воздуха;Отбеливатели и средства для выведения пятен","Мандарины;Бананы","Мороженную","Соки;Газировка;Кофе","Огурцы;Помидоры","","","","","","","","","","","","","","","","",""
"2024/02/08 12:25:52 PM GMT+3","Студент 👨‍🎓","Кириллова Виктория Павловна ","213ИС-22","Женский","18","1 раз","За перекусом","Супермаркет(Пятерочка, Перекресток, Магнит и др.)","Булочки","Не покупаю","Молоко","Чипсы","Не покупаю","Не покупаю","Не покупаю","Соки;Чай;Кофе","Огурцы;Помидоры","зеленый липтон ","","","","","","","","","","","","","","","",""
"2024/02/08 12:29:20 PM GMT+3","Студент 👨‍🎓","Петрухина Арина Александровна ","213ИС-22 ","Женский","17","Больше","За продуктами;За перекусом","Кафе, столовая;Гипермаркет (Глобус, Ашан, Metro и др.);Супермаркет(Пятерочка, Перекресток, Магнит и др.)","Булочки;Хлеб;Пирожки","Сосиски;Мясо;Пельмени","Йогурты;Творог;Молоко;Кефир;Сыр","Конфеты;Печенье;Пряники;Торты;Чипсы","Моющие средства;Дезинфекционные средства;Освежители и ароматизаторы воздуха;Отбеливатели и средства для выведения пятен","Яблоки;Груши;Апельсины;Мандарины;Бананы","Не покупаю","Соки;Газировка;Кофе","Огурцы;Помидоры;Салат","","","","","","","","","","","","","","","","",""
"2024/02/08 12:29:30 PM GMT+3","Студент 👨‍🎓","Серебряков Егор Вячеславович ","213ис","Мужской","18","1 раз","За продуктами","Супермаркет(Пятерочка, Перекресток, Магнит и др.)","Хлеб","Колбасы;Сосиски;Нарезку;Мясо;Котлеты;Пельмени","Йогурты;Творог;Молоко;Кефир;Сыр","Батончики;Торты","Моющие средства;Дезинфекционные средства;Отбеливатели и средства для выведения пятен","Мандарины;Бананы","Мороженную","Кофе","Огурцы;Помидоры;Салат","Чёрный липтон, конрацептивы, пиво","","","","","","","","","","","","","","","",""
"2024/02/08 12:30:51 PM GMT+3","Студент 👨‍🎓","Кудравец Екатерина Андреевна ","213ИС-22","Женский","16","Больше","За продуктами","Супермаркет(Пятерочка, Перекресток, Магнит и др.)","Булочки","Не покупаю","Йогурты;Молоко;Сыр","Батончики;Конфеты;Печенье;Чипсы;Сухарики","Моющие средства","Яблоки;Бананы","Не покупаю","Соки;Чай;Лимонады;Газировка","Огурцы;Салат","дилдо (не в продуктовом)","","","","","","","","","","","","","","","",""
"2024/02/08 7:22:25 PM GMT+3","Студент 👨‍🎓","Эфендиев Абдурахман Сиражудинович ","208-ис","Мужской","17","Больше","За продуктами;За перекусом;За готовой едой","Кафе, столовая;Супермаркет(Пятерочка, Перекресток, Магнит и др.)","Хлеб","Сосиски;Мясо","Молоко;Сыр","Батончики;Печенье;Чипсы;Сухарики","Моющие средства;Дезинфекционные средства;Освежители и ароматизаторы воздуха;Отбеливатели и средства для выведения пятен","Яблоки;Мандарины","Не покупаю","Соки;Чай;Лимонады;Газировка","Огурцы;Помидоры;Салат","","","","","","","","","","","","","","","","",""
"2024/02/08 7:22:29 PM GMT+3","Студент 👨‍🎓","Мацкин Семён Максимович","208ИС-22","Мужской","17","Больше","За перекусом;За готовой едой","Кафе, столовая;Гипермаркет (Глобус, Ашан, Metro и др.);Супермаркет(Пятерочка, Перекресток, Магнит и др.);Доставка еды (Яндекс еда, OZON Fresh и др.);Сеть готового питания","Булочки","Колбасы;Пельмени;Чебупели","Йогурты;Творог","Батончики;Конфеты;Торты","Моющие средства;Отбеливатели и средства для выведения пятен","Апельсины;Мандарины;Бананы","Соленую","Соки;Лимонады;Газировка","Огурцы","","","","","","","","","","","","","","","","",""
"2024/02/08 7:23:07 PM GMT+3","Студент 👨‍🎓","Володин Алексей Юрьевич","208ис-22","Мужской","17","Больше","За продуктами;За перекусом","Гипермаркет (Глобус, Ашан, Metro и др.);Супермаркет(Пятерочка, Перекресток, Магнит и др.)","Булочки","Колбасы;Сосиски;Мясо;Котлеты","Йогурты;Творог;Молоко;Кефир;Сыр","Батончики","Не покупаю","Яблоки;Бананы","Копченую","Соки;Чай;Кофе","Огурцы","","","","","","","","","","","","","","","","",""
"2024/02/08 7:44:50 PM GMT+3","Студент 👨‍🎓","Змушко Елизавета Игоревна","208ИС","Женский","16","Больше","За продуктами;За перекусом","Супермаркет(Пятерочка, Перекресток, Магнит и др.)","Хлеб","Мясо","Йогурты;Молоко;Сыр","Не покупаю","Моющие средства;Освежители и ароматизаторы воздуха;Отбеливатели и средства для выведения пятен","Бананы","Не покупаю","Соки;Чай;Газировка","Огурцы;Помидоры;Салат","","","","","","","","","","","","","","","","",""